Stkcd,Indnme,Nindnme
1,金融,银行业
2,房地产,房地产业
3,综合,综合类
4,公用事业,计算机应用服务业
5,公用事业,其他社会服务业
6,房地产,房地产业
7,房地产,房地产业
8,工业,交通运输设备制造业
9,综合,综合类
10,房地产,土木工程建筑业
11,房地产,房地产业
12,工业,非金属矿物制品业
13,商业,能源、材料和机械电子设备批发业
14,房地产,房地产业
15,综合,综合类
16,工业,信息技术业
17,工业,交通运输设备制造业
18,综合,装修装饰业
19,商业,批发和零售贸易
20,工业,信息技术业
21,工业,信息技术业
22,公用事业,水上运输业
23,工业,非金属矿物制品业
24,房地产,房地产开发与经营业
25,商业,批发和零售贸易
26,商业,零售业
27,工业,电力、蒸汽、热水的生产和供应业
28,商业,批发和零售贸易
29,房地产,房地产业
30,工业,交通运输设备制造业
31,房地产,房地产业
32,商业,批发和零售贸易
33,商业,旅馆业
34,商业,批发和零售贸易
35,公用事业,其他社会服务业
36,房地产,房地产业
37,工业,电力、蒸汽、热水的生产和供应业
38,公用事业,其他社会服务业
39,工业,金属制品业
40,工业,电力、蒸汽、热水的生产和供应业
42,房地产,房地产业
43,房地产,房地产业
45,工业,信息技术业
46,金融,其他金融业
47,房地产,房地产业
48,工业,食品加工业
49,工业,电器机械及器材制造业
50,工业,信息技术业
55,工业,金属制品业
56,公用事业,其他社会服务业
58,公用事业,其他社会服务业
59,工业,石油加工及炼焦业
60,工业,有色金属冶炼及压延加工业
61,公用事业,其他社会服务业
62,商业,批发和零售贸易
63,工业,信息技术业
65,房地产,土木工程建筑业
66,工业,信息技术业
68,公用事业,专业、科研服务业
69,房地产,房地产业
70,工业,电器机械及器材制造业
78,商业,零售业
88,公用事业,公路运输业
89,公用事业,航空运输业
90,房地产,土木工程建筑业
96,商业,批发和零售贸易
99,公用事业,航空运输业
100,工业,信息技术业
150,公用事业,卫生、保健、护理服务业
151,商业,批发和零售贸易
153,工业,医药制造业
155,工业,电力、蒸汽、热水的生产和供应业
156,公用事业,广播电影电视业
157,工业,专用设备制造业
158,公用事业,计算机应用服务业
159,商业,批发和零售贸易
166,金融,证券、期货业
301,工业,化学纤维制造业
333,工业,电器机械及器材制造业
338,工业,交通运输设备制造业
400,工业,电器机械及器材制造业
401,工业,非金属矿物制品业
402,房地产,房地产业
403,工业,医药制造业
404,工业,普通机械制造业
405,工业,有色金属冶炼及压延加工业
406,工业,石油和天然气开采业
407,工业,煤气生产和供应业
408,工业,化学原料及化学制品制造业
409,综合,综合类
410,工业,普通机械制造业
411,商业,批发和零售贸易
412,综合,综合类
413,工业,信息技术业
415,公用事业,租赁服务业
416,金融,其他金融业
417,商业,零售业
418,工业,电器机械及器材制造业
419,商业,零售业
420,工业,化学纤维制造业
421,工业,煤气生产和供应业
422,工业,化学原料及化学制品制造业
423,工业,医药制造业
425,工业,专用设备制造业
426,工业,有色金属矿采选业
428,商业,旅馆业
429,公用事业,公路运输业
430,公用事业,公共设施服务业
488,工业,造纸及纸制品业
498,房地产,土木工程建筑业
501,商业,零售业
502,房地产,房地产业
503,公用事业,计算机应用服务业
504,公用事业,专业、科研服务业
505,工业,食品加工业
506,工业,有色金属矿采选业
507,公用事业,水上运输业
508,房地产,房地产开发与经营业
509,工业,石油、化学、塑胶、塑料
510,工业,化学原料及化学制品制造业
511,工业,非金属矿物制品业
513,工业,医药制造业
514,房地产,房地产业
515,工业,化学原料及化学制品制造业
516,公用事业,卫生、保健、护理服务业
517,房地产,房地产业
518,工业,医药制造业
519,工业,专用设备制造业
520,公用事业,水上运输业
521,工业,电器机械及器材制造业
522,工业,医药制造业
523,工业,化学原料及化学制品制造业
524,商业,旅馆业
525,工业,化学原料及化学制品制造业
526,公用事业,其他社会服务业
527,工业,电器机械及器材制造业
528,工业,专用设备制造业
529,工业,食品加工业
530,工业,普通机械制造业
531,工业,电力、蒸汽、热水的生产和供应业
532,综合,综合类
533,工业,电器机械及器材制造业
534,工业,医药制造业
535,工业,金属制品业
536,工业,信息技术业
537,房地产,房地产业
538,工业,医药制造业
539,工业,电力、蒸汽、热水的生产和供应业
540,房地产,房地产业
541,工业,电器机械及器材制造业
542,工业,通信及相关设备制造业
543,工业,电力、蒸汽、热水的生产和供应业
544,公用事业,自来水的生产和供应业
545,工业,化学原料及化学制品制造业
546,公用事业,其他社会服务业
547,工业,信息技术业
548,公用事业,公路运输业
549,工业,交通运输设备制造业
550,工业,交通运输设备制造业
551,综合,综合类
552,工业,煤炭采选业
553,工业,化学原料及化学制品制造业
554,商业,批发和零售贸易
555,公用事业,计算机应用服务业
556,公用事业,水上运输业
557,公用事业,铁路运输业
558,房地产,房地产业
559,工业,交通运输设备制造业
560,房地产,房地产业
561,工业,信息技术业
562,金融,证券、期货业
563,金融,其他金融业
564,商业,零售业
565,工业,化学原料及化学制品制造业
566,工业,医药制造业
567,金融,其他金融业
568,工业,饮料制造业
569,工业,黑色金属冶炼及压延加工业
570,工业,普通机械制造业
571,综合,综合类
572,工业,交通运输设备制造业
573,房地产,房地产业
576,工业,专用设备制造业
578,工业,化学原料及化学制品制造业
581,工业,交通运输设备制造业
582,公用事业,水上运输业
583,公用事业,计算机应用服务业
584,工业,专用设备制造业
585,工业,电器机械及器材制造业
586,工业,信息技术业
587,工业,其他制造业
588,综合,渔业
589,工业,石油、化学、塑胶、塑料
590,工业,医药制造业
591,工业,电力、蒸汽、热水的生产和供应业
592,综合,林业
593,工业,煤气生产和供应业
594,商业,能源、材料和机械电子设备批发业
595,工业,普通机械制造业
596,工业,饮料制造业
597,工业,医药制造业
598,公用事业,自来水的生产和供应业
599,工业,石油、化学、塑胶、塑料
600,工业,电力、蒸汽、热水的生产和供应业
601,工业,电力、蒸汽、热水的生产和供应业
602,工业,电力、蒸汽、热水的生产和供应业
603,工业,有色金属矿采选业
605,公用事业,自来水的生产和供应业
606,公用事业,计算机应用服务业
607,公用事业,出版业
608,房地产,房地产业
609,综合,综合类
610,公用事业,公共设施服务业
611,工业,纺织业
612,工业,有色金属冶炼及压延加工业
613,商业,旅馆业
615,房地产,房地产业
616,房地产,房地产业
617,金融,证券、期货业
618,工业,化学原料及化学制品制造业
619,工业,石油、化学、塑胶、塑料
620,房地产,房地产业
621,公用事业,计算机应用服务业
622,工业,专用设备制造业
623,工业,医药制造业
625,工业,交通运输设备制造业
626,商业,批发和零售贸易
627,金融,保险业
628,房地产,土木工程建筑业
629,工业,有色金属冶炼及压延加工业
630,工业,有色金属冶炼及压延加工业
631,房地产,房地产业
632,商业,批发和零售贸易
633,工业,有色金属冶炼及压延加工业
635,工业,化学原料及化学制品制造业
636,工业,信息技术业
637,工业,石油加工及炼焦业
638,公用事业,计算机应用服务业
639,工业,食品加工业
650,工业,医药制造业
651,工业,电器机械及器材制造业
652,商业,批发和零售贸易
653,商业,零售业
655,工业,黑色金属矿采选业
656,房地产,房地产业
657,工业,有色金属冶炼及压延加工业
658,综合,综合类
659,工业,石油、化学、塑胶、塑料
660,综合,综合类
661,工业,医药制造业
662,公用事业,计算机应用服务业
663,工业,家具制造业
665,公用事业,广播电影电视业
666,金融,证券、期货业
667,房地产,房地产业
668,房地产,房地产业
669,工业,煤气生产和供应业
670,工业,信息技术业
671,房地产,房地产业
672,工业,非金属矿物制品业
673,公用事业,艺术业
675,工业,化学原料及化学制品制造业
676,公用事业,计算机应用服务业
677,工业,化学纤维制造业
678,工业,普通机械制造业
679,商业,零售业
680,工业,专用设备制造业
681,公用事业,艺术业
682,公用事业,计算机应用服务业
683,工业,化学原料及化学制品制造业
685,公用事业,自来水的生产和供应业
686,金融,证券、期货业
687,工业,信息技术业
688,工业,有色金属矿采选业
689,工业,有色金属冶炼及压延加工业
690,工业,电力、蒸汽、热水的生产和供应业
691,房地产,房地产业
692,工业,电力、蒸汽、热水的生产和供应业
693,工业,有色金属矿采选业
695,工业,印刷业
697,工业,交通运输设备制造业
698,工业,石油加工及炼焦业
699,工业,造纸及纸制品业
700,工业,交通运输设备制造业
701,商业,批发和零售贸易
702,工业,食品加工业
703,工业,化学纤维制造业
705,商业,批发和零售贸易
707,工业,化学原料及化学制品制造业
708,工业,黑色金属冶炼及压延加工业
709,工业,黑色金属冶炼及压延加工业
710,公用事业,专业、科研服务业
711,房地产,土木工程建筑业
712,金融,证券、期货业
713,综合,农、林、牧、渔服务业
715,商业,零售业
716,工业,食品制造业
717,工业,黑色金属冶炼及压延加工业
718,房地产,房地产业
719,公用事业,出版业
720,房地产,房地产业
721,商业,餐饮业
722,工业,电力、蒸汽、热水的生产和供应业
723,工业,石油加工及炼焦业
725,工业,信息技术业
726,工业,纺织业
727,工业,信息技术业
728,金融,证券、期货业
729,工业,饮料制造业
730,综合,装修装饰业
731,工业,化学原料及化学制品制造业
732,房地产,房地产业
733,工业,信息技术业
735,综合,畜牧业
736,房地产,房地产业
737,工业,化学原料及化学制品制造业
738,工业,交通运输设备制造业
739,工业,医药制造业
748,工业,信息技术业
750,金融,证券、期货业
751,工业,有色金属冶炼及压延加工业
752,工业,饮料制造业
753,商业,零售业
755,公用事业,公路运输业
756,工业,医药制造业
757,商业,零售业
758,工业,有色金属矿采选业
759,商业,零售业
760,工业,交通运输设备制造业
761,工业,黑色金属冶炼及压延加工业
762,工业,黑色金属矿采选业
763,工业,石油加工及炼焦业
765,商业,零售业
766,工业,医药制造业
767,工业,电力、蒸汽、热水的生产和供应业
768,工业,交通运输设备制造业
769,综合,农、林、牧、渔服务业
776,金融,证券、期货业
777,工业,普通机械制造业
778,工业,金属制品业
779,公用事业,专业、科研服务业
780,工业,煤炭采选业
782,工业,化学纤维制造业
783,金融,证券、期货业
785,商业,零售业
786,工业,非金属矿物制品业
787,公用事业,计算机应用服务业
788,工业,医药制造业
789,工业,非金属矿物制品业
790,工业,医药制造业
791,工业,电力、蒸汽、热水的生产和供应业
792,工业,化学原料及化学制品制造业
793,公用事业,出版业
795,工业,非金属矿物制品业
796,公用事业,其他社会服务业
797,房地产,房地产业
798,综合,渔业
799,工业,饮料制造业
800,工业,交通运输设备制造业
801,工业,信息技术业
802,公用事业,广播电影电视业
803,工业,电器机械及器材制造业
805,公用事业,计算机应用服务业
806,工业,电器机械及器材制造业
807,工业,有色金属冶炼及压延加工业
809,公用事业,公共设施服务业
810,工业,信息技术业
811,工业,普通机械制造业
812,工业,印刷业
813,工业,医药制造业
815,工业,造纸及纸制品业
816,工业,普通机械制造业
817,工业,石油和天然气开采业
818,工业,化学原料及化学制品制造业
819,工业,石油加工及炼焦业
820,工业,有色金属矿采选业
821,工业,专用设备制造业
822,工业,化学原料及化学制品制造业
823,工业,信息技术业
825,工业,黑色金属冶炼及压延加工业
826,公用事业,其他社会服务业
827,工业,非金属矿物制品业
828,公用事业,公路运输业
829,商业,批发和零售贸易
830,工业,化学原料及化学制品制造业
831,工业,有色金属冶炼及压延加工业
832,工业,化学纤维制造业
833,综合,综合类
835,公用事业,计算机应用服务业
836,工业,电器机械及器材制造业
837,工业,普通机械制造业
838,房地产,房地产业
839,公用事业,通信服务业
848,工业,饮料制造业
850,工业,纺织业
851,商业,零售业
852,工业,专用设备制造业
856,工业,专用设备制造业
858,工业,饮料制造业
859,工业,石油、化学、塑胶、塑料
860,工业,饮料制造业
861,公用事业,其他社会服务业
862,工业,电力、蒸汽、热水的生产和供应业
863,房地产,房地产业
866,工业,石油加工及炼焦业
868,工业,交通运输设备制造业
869,工业,饮料制造业
875,工业,电力、蒸汽、热水的生产和供应业
876,工业,食品加工业
877,工业,非金属矿物制品业
878,工业,有色金属冶炼及压延加工业
880,工业,普通机械制造业
881,工业,化学原料及化学制品制造业
882,公用事业,其他社会服务业
883,工业,电力、蒸汽、热水的生产和供应业
885,公用事业,公路运输业
886,房地产,房地产业
887,工业,石油、化学、塑胶、塑料
888,公用事业,公共设施服务业
889,公用事业,计算机应用服务业
890,工业,金属制品业
892,公用事业,广播电影电视业
893,工业,化学原料及化学制品制造业
895,工业,食品加工业
897,房地产,房地产业
898,工业,黑色金属冶炼及压延加工业
899,工业,电力、蒸汽、热水的生产和供应业
900,公用事业,公路运输业
901,工业,交通运输设备制造业
902,工业,化学原料及化学制品制造业
903,工业,普通机械制造业
905,公用事业,水上运输业
906,商业,批发和零售贸易
908,工业,医药制造业
909,房地产,房地产业
910,工业,木材加工及竹、藤、棕、草制品业
911,工业,食品加工业
912,工业,化学原料及化学制品制造业
913,工业,交通运输设备制造业
915,工业,医药制造业
916,公用事业,公路运输业
917,公用事业,通信服务业
918,房地产,房地产业
919,工业,医药制造业
920,工业,化学原料及化学制品制造业
921,工业,电器机械及器材制造业
922,工业,电器机械及器材制造业
923,工业,黑色金属矿采选业
925,工业,专用设备制造业
926,房地产,房地产业
927,工业,交通运输设备制造业
928,房地产,土木工程建筑业
929,工业,饮料制造业
930,工业,化学原料及化学制品制造业
931,工业,医药制造业
932,工业,黑色金属冶炼及压延加工业
933,工业,有色金属冶炼及压延加工业
935,工业,非金属矿物制品业
936,工业,化学纤维制造业
937,工业,煤炭采选业
938,工业,信息技术业
939,工业,电力、蒸汽、热水的生产和供应业
948,公用事业,计算机应用服务业
949,工业,化学纤维制造业
950,商业,批发和零售贸易
951,工业,交通运输设备制造业
952,工业,医药制造业
953,工业,化学原料及化学制品制造业
955,工业,纺织业
956,工业,石油和天然气开采业
957,工业,交通运输设备制造业
958,金融,其他金融业
959,工业,黑色金属冶炼及压延加工业
960,工业,有色金属冶炼及压延加工业
961,房地产,房地产业
962,工业,有色金属冶炼及压延加工业
963,商业,零售业
965,房地产,房地产业
966,工业,电力、蒸汽、热水的生产和供应业
967,公用事业,其他社会服务业
968,工业,石油和天然气开采业
969,工业,金属制品业
970,工业,信息技术业
971,公用事业,计算机应用服务业
972,工业,食品加工业
973,工业,石油、化学、塑胶、塑料
975,工业,有色金属矿采选业
976,工业,交通运输设备制造业
977,工业,信息技术业
978,公用事业,公共设施服务业
979,房地产,房地产业
980,工业,交通运输设备制造业
981,工业,交通运输设备制造业
982,工业,纺织业
983,工业,煤炭采选业
985,工业,化学原料及化学制品制造业
987,金融,其他金融业
988,工业,信息技术业
989,工业,医药制造业
990,工业,化学原料及化学制品制造业
993,工业,电力、蒸汽、热水的生产和供应业
995,工业,饮料制造业
996,商业,批发和零售贸易
997,公用事业,计算机应用服务业
998,综合,农业
999,工业,医药制造业
1696,工业,交通运输设备制造业
1872,公用事业,水上运输业
1896,工业,电力、蒸汽、热水的生产和供应业
1914,房地产,房地产业
1965,公用事业,公路运输业
1979,房地产,房地产业
2001,工业,医药制造业
2002,工业,化学原料及化学制品制造业
2003,工业,服装及其他纤维制品制造业
2004,工业,化学原料及化学制品制造业
2005,工业,电器机械及器材制造业
2006,工业,专用设备制造业
2007,工业,医药制造业
2008,工业,专用设备制造业
2009,工业,普通机械制造业
2010,公用事业,其他社会服务业
2011,工业,普通机械制造业
2012,工业,造纸及纸制品业
2013,工业,交通运输设备制造业
2014,工业,石油、化学、塑胶、塑料
2015,工业,电力、蒸汽、热水的生产和供应业
2016,房地产,房地产业
2017,工业,信息技术业
2018,商业,批发和零售贸易
2019,工业,医药制造业
2020,工业,医药制造业
2021,工业,专用设备制造业
2022,工业,医药制造业
2023,工业,交通运输设备制造业
2024,商业,零售业
2025,工业,信息技术业
2026,工业,金属制品业
2027,公用事业,其他社会服务业
2028,工业,电器机械及器材制造业
2029,工业,服装及其他纤维制品制造业
2030,工业,医药制造业
2031,工业,专用设备制造业
2032,工业,金属制品业
2033,公用事业,公共设施服务业
2034,公用事业,其他社会服务业
2035,工业,电器机械及器材制造业
2036,工业,信息技术业
2037,工业,化学原料及化学制品制造业
2038,工业,医药制造业
2039,工业,电力、蒸汽、热水的生产和供应业
2040,公用事业,水上运输业
2041,综合,农业
2042,工业,纺织业
2043,工业,木材加工及竹、藤、棕、草制品业
2044,公用事业,卫生、保健、护理服务业
2045,工业,信息技术业
2046,工业,普通机械制造业
2047,综合,装修装饰业
2048,工业,交通运输设备制造业
2049,工业,信息技术业
2050,工业,普通机械制造业
2051,房地产,土木工程建筑业
2052,工业,信息技术业
2053,工业,食品制造业
2054,工业,化学原料及化学制品制造业
2055,工业,信息技术业
2056,工业,电器机械及器材制造业
2057,工业,化学原料及化学制品制造业
2058,工业,仪器仪表及文化、办公用机械制造业
2059,公用事业,公共设施服务业
2060,房地产,土木工程建筑业
2061,房地产,土木工程建筑业
2062,房地产,土木工程建筑业
2063,公用事业,计算机应用服务业
2064,工业,化学纤维制造业
2065,公用事业,计算机应用服务业
2066,工业,非金属矿物制品业
2067,工业,造纸及纸制品业
2068,工业,化学原料及化学制品制造业
2069,综合,渔业
2070,工业,纺织业
2071,公用事业,广播电影电视业
2072,公用事业,计算机应用服务业
2073,工业,专用设备制造业
2074,工业,电器机械及器材制造业
2075,工业,黑色金属冶炼及压延加工业
2076,工业,电器机械及器材制造业
2077,房地产,房地产业
2078,工业,造纸及纸制品业
2079,工业,信息技术业
2080,工业,非金属矿物制品业
2081,综合,装修装饰业
2082,工业,有色金属冶炼及压延加工业
2083,工业,纺织业
2084,工业,金属制品业
2085,工业,交通运输设备制造业
2086,综合,渔业
2087,工业,纺织业
2088,工业,非金属矿物制品业
2089,工业,信息技术业
2090,工业,电器机械及器材制造业
2091,商业,批发和零售贸易
2092,工业,化学原料及化学制品制造业
2093,公用事业,计算机应用服务业
2094,工业,化学原料及化学制品制造业
2095,公用事业,计算机应用服务业
2096,工业,化学原料及化学制品制造业
2097,工业,专用设备制造业
2098,工业,其他制造业
2099,工业,医药制造业
2100,工业,食品加工业
2101,工业,交通运输设备制造业
2102,工业,医药制造业
2103,公用事业,其他社会服务业
2104,工业,信息技术业
2105,工业,交通运输设备制造业
2106,工业,信息技术业
2107,工业,医药制造业
2108,工业,石油、化学、塑胶、塑料
2109,工业,化学原料及化学制品制造业
2110,工业,黑色金属冶炼及压延加工业
2111,工业,专用设备制造业
2112,工业,电器机械及器材制造业
2113,公用事业,计算机应用服务业
2114,工业,有色金属冶炼及压延加工业
2115,工业,信息技术业
2116,房地产,土木工程建筑业
2117,工业,印刷业
2118,工业,医药制造业
2119,工业,信息技术业
2120,公用事业,邮政服务业
2121,工业,仪器仪表及文化、办公用机械制造业
2122,工业,普通机械制造业
2123,公用事业,计算机应用服务业
2124,工业,食品加工业
2125,工业,化学原料及化学制品制造业
2126,工业,交通运输设备制造业
2127,公用事业,其他社会服务业
2128,工业,煤炭采选业
2129,工业,电器机械及器材制造业
2130,工业,信息技术业
2131,公用事业,计算机应用服务业
2132,工业,金属制品业
2133,房地产,房地产业
2134,工业,信息技术业
2135,工业,金属制品业
2136,工业,化学原料及化学制品制造业
2137,工业,信息技术业
2138,工业,信息技术业
2139,工业,电器机械及器材制造业
2140,房地产,土木工程建筑业
2141,工业,电器机械及器材制造业
2142,金融,银行业
2143,公用事业,其他社会服务业
2144,工业,纺织业
2145,工业,化学原料及化学制品制造业
2146,房地产,房地产业
2147,房地产,房地产业
2148,公用事业,计算机应用服务业
2149,工业,有色金属冶炼及压延加工业
2150,工业,金属制品业
2151,工业,信息技术业
2152,工业,普通机械制造业
2153,公用事业,计算机应用服务业
2154,工业,服装及其他纤维制品制造业
2155,工业,有色金属矿采选业
2156,工业,信息技术业
2157,工业,食品加工业
2158,工业,普通机械制造业
2159,公用事业,公共设施服务业
2160,工业,有色金属冶炼及压延加工业
2161,工业,信息技术业
2162,工业,非金属矿物制品业
2163,综合,装修装饰业
2164,工业,专用设备制造业
2165,工业,化学原料及化学制品制造业
2166,工业,医药制造业
2167,工业,有色金属冶炼及压延加工业
2168,公用事业,计算机应用服务业
2169,工业,电器机械及器材制造业
2170,工业,化学原料及化学制品制造业
2171,工业,有色金属冶炼及压延加工业
2172,工业,化学纤维制造业
2173,公用事业,卫生、保健、护理服务业
2174,公用事业,计算机应用服务业
2175,工业,仪器仪表及文化、办公用机械制造业
2176,工业,电器机械及器材制造业
2177,工业,专用设备制造业
2178,公用事业,专业、科研服务业
2179,工业,信息技术业
2180,工业,信息技术业
2181,公用事业,其他社会服务业
2182,工业,有色金属冶炼及压延加工业
2183,公用事业,其他社会服务业
2184,工业,电器机械及器材制造业
2185,工业,信息技术业
2186,商业,餐饮业
2187,商业,零售业
2188,公用事业,其他社会服务业
2189,工业,信息技术业
2190,工业,专用设备制造业
2191,工业,印刷业
2192,工业,信息技术业
2193,工业,纺织业
2194,工业,信息技术业
2195,公用事业,计算机应用服务业
2196,工业,专用设备制造业
2197,工业,普通机械制造业
2198,工业,医药制造业
2199,工业,信息技术业
2200,综合,林业
2201,工业,非金属矿物制品业
2202,工业,普通机械制造业
2203,工业,有色金属冶炼及压延加工业
2204,工业,专用设备制造业
2205,工业,非金属矿物制品业
2206,工业,化学纤维制造业
2207,工业,采掘服务业
2208,房地产,房地产业
2209,工业,专用设备制造业
2210,公用事业,其他社会服务业
2211,工业,化学原料及化学制品制造业
2212,工业,电器机械及器材制造业
2213,工业,交通运输设备制造业
2214,工业,信息技术业
2215,工业,化学原料及化学制品制造业
2216,工业,食品制造业
2217,工业,信息技术业
2218,工业,电器机械及器材制造业
2219,工业,医药制造业
2220,工业,食品加工业
2221,商业,批发和零售贸易
2222,工业,信息技术业
2223,工业,专用设备制造业
2224,工业,石油、化学、塑胶、塑料
2225,工业,非金属矿物制品业
2226,工业,化学原料及化学制品制造业
2227,工业,电器机械及器材制造业
2228,工业,造纸及纸制品业
2229,工业,印刷业
2230,公用事业,计算机应用服务业
2231,工业,信息技术业
2232,公用事业,计算机应用服务业
2233,工业,非金属矿物制品业
2234,综合,畜牧业
2235,公用事业,计算机应用服务业
2236,工业,信息技术业
2237,工业,有色金属冶炼及压延加工业
2238,公用事业,通信服务业
2239,工业,交通运输设备制造业
2240,工业,木材加工及竹、藤、棕、草制品业
2241,工业,信息技术业
2242,工业,电器机械及器材制造业
2243,工业,石油、化学、塑胶、塑料
2244,房地产,房地产业
2245,公用事业,交通运输辅助业
2246,工业,化学原料及化学制品制造业
2247,公用事业,计算机应用服务业
2248,工业,普通机械制造业
2249,工业,电器机械及器材制造业
2250,工业,化学原料及化学制品制造业
2251,商业,零售业
2252,工业,医药制造业
2253,公用事业,计算机应用服务业
2254,工业,化学纤维制造业
2255,工业,普通机械制造业
2256,工业,电力、蒸汽、热水的生产和供应业
2258,工业,化学原料及化学制品制造业
2259,工业,煤气生产和供应业
2260,工业,电器机械及器材制造业
2261,公用事业,计算机应用服务业
2262,工业,医药制造业
2263,工业,石油、化学、塑胶、塑料
2264,商业,零售业
2265,工业,交通运输设备制造业
2266,公用事业,其他社会服务业
2267,工业,煤气生产和供应业
2268,公用事业,计算机应用服务业
2269,工业,服装及其他纤维制品制造业
2270,工业,电器机械及器材制造业
2271,工业,非金属矿物制品业
2272,工业,普通机械制造业
2273,工业,信息技术业
2274,工业,化学原料及化学制品制造业
2275,工业,医药制造业
2276,工业,电器机械及器材制造业
2277,商业,零售业
2278,工业,专用设备制造业
2279,公用事业,计算机应用服务业
2280,公用事业,计算机应用服务业
2281,工业,信息技术业
2282,工业,普通机械制造业
2283,工业,交通运输设备制造业
2284,工业,交通运输设备制造业
2285,房地产,房地产业
2286,工业,食品加工业
2287,工业,医药制造业
2288,工业,信息技术业
2289,工业,信息技术业
2290,工业,电器机械及器材制造业
2291,工业,服装及其他纤维制品制造业
2292,工业,文教体育用品制造业
2293,工业,纺织业
2294,工业,医药制造业
2295,工业,有色金属冶炼及压延加工业
2296,工业,信息技术业
2297,工业,非金属矿物制品业
2298,公用事业,计算机应用服务业
2299,综合,畜牧业
2300,工业,电器机械及器材制造业
2301,工业,文教体育用品制造业
2302,工业,非金属矿物制品业
2303,工业,造纸及纸制品业
2304,工业,饮料制造业
2305,房地产,房地产业
2306,商业,餐饮业
2307,房地产,土木工程建筑业
2308,工业,信息技术业
2309,工业,电器机械及器材制造业
2310,房地产,土木工程建筑业
2311,工业,食品加工业
2312,工业,化学原料及化学制品制造业
2313,工业,信息技术业
2314,房地产,房地产业
2315,公用事业,计算机应用服务业
2316,公用事业,计算机应用服务业
2317,工业,医药制造业
2318,工业,金属制品业
2319,工业,化学原料及化学制品制造业
2320,公用事业,水上运输业
2321,综合,畜牧业
2322,公用事业,计算机应用服务业
2323,综合,装修装饰业
2324,工业,石油、化学、塑胶、塑料
2325,综合,装修装饰业
2326,工业,化学原料及化学制品制造业
2327,工业,纺织业
2328,工业,交通运输设备制造业
2329,工业,食品制造业
2330,工业,食品加工业
2331,公用事业,计算机应用服务业
2332,工业,医药制造业
2333,工业,有色金属冶炼及压延加工业
2334,工业,电器机械及器材制造业
2335,工业,电器机械及器材制造业
2336,商业,零售业
2337,工业,专用设备制造业
2338,工业,仪器仪表及文化、办公用机械制造业
2339,工业,电器机械及器材制造业
2340,工业,有色金属矿采选业
2341,工业,化学原料及化学制品制造业
2342,工业,金属制品业
2343,公用事业,广播电影电视业
2344,公用事业,其他社会服务业
2345,工业,其他制造业
2346,工业,电器机械及器材制造业
2347,工业,普通机械制造业
2348,工业,文教体育用品制造业
2349,工业,医药制造业
2350,工业,电器机械及器材制造业
2351,工业,信息技术业
2352,公用事业,邮政服务业
2353,工业,专用设备制造业
2354,公用事业,计算机应用服务业
2355,工业,交通运输设备制造业
2356,商业,零售业
2357,公用事业,公路运输业
2358,工业,电器机械及器材制造业
2359,公用事业,通信服务业
2360,工业,化学原料及化学制品制造业
2361,工业,化学原料及化学制品制造业
2362,工业,信息技术业
2363,工业,交通运输设备制造业
2364,工业,电器机械及器材制造业
2365,工业,医药制造业
2366,工业,专用设备制造业
2367,工业,普通机械制造业
2368,公用事业,计算机应用服务业
2369,工业,信息技术业
2370,工业,医药制造业
2371,工业,专用设备制造业
2372,工业,石油、化学、塑胶、塑料
2373,公用事业,计算机应用服务业
2374,房地产,土木工程建筑业
2375,综合,装修装饰业
2376,工业,信息技术业
2377,房地产,房地产业
2378,工业,有色金属冶炼及压延加工业
2379,工业,有色金属冶炼及压延加工业
2380,公用事业,计算机应用服务业
2381,工业,石油、化学、塑胶、塑料
2382,工业,专用设备制造业
2383,工业,信息技术业
2384,工业,信息技术业
2385,工业,食品加工业
2386,工业,化学原料及化学制品制造业
2387,工业,信息技术业
2388,工业,信息技术业
2389,工业,信息技术业
2390,工业,医药制造业
2391,工业,化学原料及化学制品制造业
2392,工业,非金属矿物制品业
2393,工业,医药制造业
2394,工业,纺织业
2395,工业,石油、化学、塑胶、塑料
2396,工业,信息技术业
2397,工业,纺织业
2398,工业,化学原料及化学制品制造业
2399,工业,医药制造业
2400,公用事业,其他社会服务业
2401,公用事业,计算机应用服务业
2402,工业,信息技术业
2403,工业,金属制品业
2404,工业,服装及其他纤维制品制造业
2405,公用事业,计算机应用服务业
2406,工业,交通运输设备制造业
2407,工业,化学原料及化学制品制造业
2408,工业,化学原料及化学制品制造业
2409,工业,化学原料及化学制品制造业
2410,公用事业,计算机应用服务业
2411,工业,医药制造业
2412,工业,医药制造业
2413,工业,信息技术业
2414,工业,信息技术业
2415,工业,信息技术业
2416,商业,批发和零售贸易
2417,公用事业,计算机应用服务业
2418,工业,普通机械制造业
2419,商业,零售业
2420,工业,石油、化学、塑胶、塑料
2421,公用事业,计算机应用服务业
2422,工业,医药制造业
2423,金融,其他金融业
2424,工业,医药制造业
2425,公用事业,计算机应用服务业
2426,工业,信息技术业
2427,工业,化学纤维制造业
2428,工业,有色金属冶炼及压延加工业
2429,工业,信息技术业
2430,工业,专用设备制造业
2431,房地产,土木工程建筑业
2432,工业,专用设备制造业
2433,工业,医药制造业
2434,工业,交通运输设备制造业
2435,工业,医药制造业
2436,工业,信息技术业
2437,工业,医药制造业
2438,工业,普通机械制造业
2439,公用事业,计算机应用服务业
2440,工业,化学原料及化学制品制造业
2441,商业,批发和零售贸易
2442,工业,化学原料及化学制品制造业
2443,工业,金属制品业
2444,工业,金属制品业
2445,公用事业,广播电影电视业
2446,工业,信息技术业
2447,公用事业,计算机应用服务业
2448,工业,交通运输设备制造业
2449,工业,信息技术业
2450,工业,石油、化学、塑胶、塑料
2451,工业,电器机械及器材制造业
2452,工业,电器机械及器材制造业
2453,公用事业,计算机应用服务业
2454,工业,交通运输设备制造业
2455,工业,化学原料及化学制品制造业
2456,工业,信息技术业
2457,工业,非金属矿物制品业
2458,综合,畜牧业
2459,工业,电器机械及器材制造业
2460,工业,有色金属冶炼及压延加工业
2461,工业,饮料制造业
2462,商业,批发和零售贸易
2463,工业,信息技术业
2464,公用事业,计算机应用服务业
2465,工业,信息技术业
2466,工业,有色金属冶炼及压延加工业
2467,公用事业,计算机应用服务业
2468,公用事业,邮政服务业
2469,房地产,土木工程建筑业
2470,工业,化学原料及化学制品制造业
2471,工业,电器机械及器材制造业
2472,工业,普通机械制造业
2473,工业,电器机械及器材制造业
2474,公用事业,计算机应用服务业
2475,工业,信息技术业
2476,工业,化学原料及化学制品制造业
2477,综合,畜牧业
2478,工业,金属制品业
2479,工业,电力、蒸汽、热水的生产和供应业
2480,工业,普通机械制造业
2481,工业,食品制造业
2482,综合,装修装饰业
2483,工业,普通机械制造业
2484,工业,信息技术业
2485,公用事业,公共设施服务业
2486,工业,服装及其他纤维制品制造业
2487,工业,金属制品业
2488,工业,交通运输设备制造业
2489,工业,家具制造业
2490,工业,专用设备制造业
2491,工业,电器机械及器材制造业
2492,公用事业,仓储业
2493,工业,化学纤维制造业
2494,工业,皮革、毛皮、羽绒及制品制造业
2495,工业,食品制造业
2496,工业,化学原料及化学制品制造业
2497,工业,化学原料及化学制品制造业
2498,工业,电器机械及器材制造业
2499,工业,电力、蒸汽、热水的生产和供应业
2500,金融,证券、期货业
2501,工业,有色金属冶炼及压延加工业
2502,公用事业,广播电影电视业
2503,工业,服装及其他纤维制品制造业
2504,综合,装修装饰业
2505,商业,批发和零售贸易
2506,工业,信息技术业
2507,工业,食品制造业
2508,工业,电器机械及器材制造业
2509,工业,专用设备制造业
2510,工业,交通运输设备制造业
2511,工业,造纸及纸制品业
2512,工业,信息技术业
2513,工业,化学原料及化学制品制造业
2514,工业,金属制品业
2515,工业,食品加工业
2516,工业,纺织业
2517,公用事业,计算机应用服务业
2518,工业,电器机械及器材制造业
2519,工业,信息技术业
2520,工业,普通机械制造业
2521,工业,造纸及纸制品业
2522,工业,石油、化学、塑胶、塑料
2523,工业,普通机械制造业
2524,公用事业,卫生、保健、护理服务业
2526,工业,专用设备制造业
2527,工业,电器机械及器材制造业
2528,工业,信息技术业
2529,工业,普通机械制造业
2530,公用事业,计算机应用服务业
2531,工业,电器机械及器材制造业
2532,工业,普通机械制造业
2533,工业,电器机械及器材制造业
2534,工业,普通机械制造业
2535,工业,专用设备制造业
2536,工业,交通运输设备制造业
2537,工业,普通机械制造业
2538,工业,化学原料及化学制品制造业
2539,工业,化学原料及化学制品制造业
2540,工业,有色金属冶炼及压延加工业
2541,工业,金属制品业
2542,房地产,土木工程建筑业
2543,工业,电器机械及器材制造业
2544,公用事业,计算机应用服务业
2545,工业,金属制品业
2546,工业,电器机械及器材制造业
2547,工业,金属制品业
2548,工业,食品加工业
2549,公用事业,其他社会服务业
2550,工业,医药制造业
2551,工业,专用设备制造业
2552,工业,普通机械制造业
2553,工业,普通机械制造业
2554,工业,采掘服务业
2555,公用事业,计算机应用服务业
2556,商业,零售业
2557,工业,食品加工业
2558,公用事业,计算机应用服务业
2559,工业,普通机械制造业
2560,工业,电器机械及器材制造业
2561,商业,零售业
2562,工业,医药制造业
2563,工业,服装及其他纤维制品制造业
2564,房地产,土木工程建筑业
2565,工业,造纸及纸制品业
2566,工业,医药制造业
2567,工业,食品加工业
2568,工业,饮料制造业
2569,工业,服装及其他纤维制品制造业
2570,工业,食品制造业
2571,工业,非金属矿物制品业
2572,工业,家具制造业
2573,公用事业,其他社会服务业
2574,工业,其他制造业
2575,工业,文教体育用品制造业
2576,工业,电器机械及器材制造业
2577,工业,信息技术业
2578,工业,有色金属冶炼及压延加工业
2579,工业,信息技术业
2580,工业,电器机械及器材制造业
2581,工业,医药制造业
2582,工业,食品加工业
2583,工业,信息技术业
2584,工业,化学原料及化学制品制造业
2585,工业,石油、化学、塑胶、塑料
2586,房地产,土木工程建筑业
2587,工业,信息技术业
2588,工业,化学原料及化学制品制造业
2589,商业,批发和零售贸易
2590,工业,交通运输设备制造业
2591,工业,化学原料及化学制品制造业
2592,工业,交通运输设备制造业
2593,工业,交通运输设备制造业
2594,工业,交通运输设备制造业
2595,工业,专用设备制造业
2596,工业,非金属矿物制品业
2597,工业,化学原料及化学制品制造业
2598,工业,普通机械制造业
2599,工业,印刷业
2600,工业,信息技术业
2601,工业,化学原料及化学制品制造业
2602,公用事业,计算机应用服务业
2603,工业,医药制造业
2604,工业,食品加工业
2605,公用事业,计算机应用服务业
2606,工业,电器机械及器材制造业
2607,公用事业,其他社会服务业
2608,工业,电力、蒸汽、热水的生产和供应业
2609,公用事业,计算机应用服务业
2610,工业,电器机械及器材制造业
2611,工业,专用设备制造业
2612,工业,服装及其他纤维制品制造业
2613,工业,专用设备制造业
2614,工业,电器机械及器材制造业
2615,工业,金属制品业
2616,工业,电器机械及器材制造业
2617,工业,电器机械及器材制造业
2618,工业,信息技术业
2619,公用事业,计算机应用服务业
2620,综合,装修装饰业
2621,公用事业,其他社会服务业
2622,工业,电器机械及器材制造业
2623,工业,非金属矿物制品业
2624,公用事业,计算机应用服务业
2625,工业,交通运输设备制造业
2626,工业,食品制造业
2627,公用事业,公路运输业
2628,房地产,土木工程建筑业
2629,工业,采掘服务业
2630,工业,普通机械制造业
2631,工业,木材加工及竹、藤、棕、草制品业
2632,工业,化学原料及化学制品制造业
2633,工业,普通机械制造业
2634,工业,服装及其他纤维制品制造业
2635,工业,信息技术业
2636,工业,信息技术业
2637,工业,化学原料及化学制品制造业
2638,工业,电器机械及器材制造业
2639,工业,普通机械制造业
2640,商业,零售业
2641,工业,石油、化学、塑胶、塑料
2642,公用事业,计算机应用服务业
2643,工业,化学原料及化学制品制造业
2644,工业,医药制造业
2645,工业,专用设备制造业
2646,工业,饮料制造业
2647,金融,其他金融业
2648,工业,化学原料及化学制品制造业
2649,公用事业,计算机应用服务业
2650,工业,食品制造业
2651,工业,专用设备制造业
2652,工业,金属制品业
2653,工业,医药制造业
2654,公用事业,其他社会服务业
2655,工业,信息技术业
2656,工业,服装及其他纤维制品制造业
2657,公用事业,计算机应用服务业
2658,工业,仪器仪表及文化、办公用机械制造业
2659,公用事业,其他社会服务业
2660,工业,信息技术业
2661,工业,食品制造业
2662,工业,交通运输设备制造业
2663,房地产,土木工程建筑业
2664,工业,交通运输设备制造业
2665,工业,电器机械及器材制造业
2666,工业,化学原料及化学制品制造业
2667,工业,专用设备制造业
2668,工业,电器机械及器材制造业
2669,工业,化学原料及化学制品制造业
2670,金融,证券、期货业
2671,工业,非金属矿物制品业
2672,工业,有色金属矿采选业
2673,金融,证券、期货业
2674,工业,皮革、毛皮、羽绒及制品制造业
2675,工业,医药制造业
2676,工业,石油、化学、塑胶、塑料
2677,工业,电器机械及器材制造业
2678,工业,文教体育用品制造业
2679,综合,林业
2680,工业,医药制造业
2681,工业,信息技术业
2682,公用事业,公路运输业
2683,工业,采掘服务业
2684,工业,电器机械及器材制造业
2685,工业,普通机械制造业
2686,工业,普通机械制造业
2687,工业,服装及其他纤维制品制造业
2688,工业,医药制造业
2689,工业,普通机械制造业
2690,工业,专用设备制造业
2691,工业,专用设备制造业
2692,工业,电器机械及器材制造业
2693,工业,医药制造业
2694,工业,石油、化学、塑胶、塑料
2695,工业,食品加工业
2696,综合,渔业
2697,商业,零售业
2698,工业,专用设备制造业
2699,公用事业,艺术业
2700,工业,煤气生产和供应业
2701,工业,金属制品业
2702,工业,食品加工业
2703,工业,交通运输设备制造业
2705,工业,电器机械及器材制造业
2706,工业,电器机械及器材制造业
2707,公用事业,其他社会服务业
2708,工业,交通运输设备制造业
2709,工业,化学原料及化学制品制造业
2711,公用事业,仓储业
2712,公用事业,其他社会服务业
2713,综合,装修装饰业
2714,综合,畜牧业
2715,工业,交通运输设备制造业
2716,工业,有色金属冶炼及压延加工业
2717,公用事业,其他社会服务业
2718,工业,其他制造业
2719,工业,食品制造业
2721,工业,其他制造业
2722,工业,金属制品业
2723,工业,电器机械及器材制造业
2724,工业,电器机械及器材制造业
2725,工业,交通运输设备制造业
2726,工业,食品加工业
2727,商业,零售业
2728,工业,医药制造业
2729,工业,信息技术业
2730,工业,专用设备制造业
2731,工业,其他制造业
2732,工业,食品制造业
2733,工业,电器机械及器材制造业
2734,工业,化学原料及化学制品制造业
2735,工业,石油、化学、塑胶、塑料
2736,金融,证券、期货业
2737,工业,医药制造业
2738,公用事业,专业、科研服务业
2739,公用事业,广播电影电视业
2740,工业,服装及其他纤维制品制造业
2741,工业,化学原料及化学制品制造业
2742,工业,非金属矿物制品业
2743,工业,金属制品业
2745,工业,信息技术业
2746,综合,畜牧业
2747,工业,仪器仪表及文化、办公用机械制造业
2748,工业,化学原料及化学制品制造业
2749,工业,化学原料及化学制品制造业
2750,工业,医药制造业
2751,工业,家具制造业
2752,工业,金属制品业
2753,工业,化学原料及化学制品制造业
2755,工业,医药制造业
2756,工业,黑色金属冶炼及压延加工业
2757,工业,专用设备制造业
2758,商业,批发和零售贸易
2759,工业,电器机械及器材制造业
2760,工业,金属制品业
2761,房地产,土木工程建筑业
2762,工业,服装及其他纤维制品制造业
2763,工业,服装及其他纤维制品制造业
2765,工业,交通运输设备制造业
2766,工业,信息技术业
2767,工业,仪器仪表及文化、办公用机械制造业
2768,工业,石油、化学、塑胶、塑料
2769,公用事业,其他社会服务业
2770,工业,食品制造业
2771,公用事业,计算机应用服务业
2772,综合,农业
2773,工业,医药制造业
2774,工业,普通机械制造业
2775,房地产,土木工程建筑业
2776,公用事业,专业、科研服务业
2777,公用事业,计算机应用服务业
2778,工业,石油加工及炼焦业
2779,工业,专用设备制造业
2780,商业,零售业
2781,综合,装修装饰业
2782,工业,信息技术业
2783,工业,化学原料及化学制品制造业
2785,工业,非金属矿物制品业
2786,工业,专用设备制造业
2787,工业,金属制品业
2788,商业,批发和零售贸易
2789,综合,装修装饰业
2790,工业,石油、化学、塑胶、塑料
2791,工业,金属制品业
2792,工业,信息技术业
2793,工业,医药制造业
2795,工业,普通机械制造业
2796,工业,信息技术业
2797,金融,证券、期货业
2798,工业,非金属矿物制品业
2799,工业,造纸及纸制品业
2800,公用事业,公路运输业
2801,工业,电器机械及器材制造业
2802,工业,化学原料及化学制品制造业
2803,公用事业,计算机应用服务业
2805,工业,化学原料及化学制品制造业
2806,工业,信息技术业
2807,金融,银行业
2808,工业,普通机械制造业
2809,工业,化学原料及化学制品制造业
2810,工业,化学原料及化学制品制造业
2811,综合,装修装饰业
2812,工业,石油、化学、塑胶、塑料
2813,工业,信息技术业
2815,工业,信息技术业
2816,工业,普通机械制造业
2817,工业,医药制造业
2818,公用事业,其他社会服务业
2819,商业,批发和零售贸易
2820,工业,食品制造业
2821,工业,医药制造业
2822,综合,装修装饰业
2823,工业,电器机械及器材制造业
2824,工业,有色金属冶炼及压延加工业
2825,工业,石油、化学、塑胶、塑料
2826,工业,医药制造业
2827,工业,化学原料及化学制品制造业
2828,工业,采掘服务业
2829,工业,信息技术业
2830,综合,装修装饰业
2831,工业,造纸及纸制品业
2832,工业,服装及其他纤维制品制造业
2833,工业,专用设备制造业
2835,工业,信息技术业
2836,工业,印刷业
2837,工业,专用设备制造业
2838,工业,石油、化学、塑胶、塑料
2839,金融,银行业
2840,工业,食品加工业
2841,工业,信息技术业
2842,工业,有色金属冶炼及压延加工业
2843,工业,金属制品业
2845,工业,信息技术业
2846,工业,金属制品业
2847,工业,食品制造业
2848,工业,信息技术业
2849,工业,仪器仪表及文化、办公用机械制造业
2850,工业,金属制品业
2851,工业,电器机械及器材制造业
2852,工业,食品加工业
2853,工业,家具制造业
2855,工业,信息技术业
2856,综合,装修装饰业
2857,工业,仪器仪表及文化、办公用机械制造业
2858,公用事业,其他传播、文化服务业
2859,工业,信息技术业
2860,工业,电器机械及器材制造业
2861,工业,信息技术业
2862,工业,文教体育用品制造业
2863,工业,交通运输设备制造业
2864,工业,医药制造业
2865,工业,交通运输设备制造业
2866,工业,信息技术业
2867,工业,其他制造业
2868,工业,医药制造业
2869,工业,信息技术业
2870,工业,仪器仪表及文化、办公用机械制造业
2871,工业,普通机械制造业
2872,商业,批发和零售贸易
2873,工业,医药制造业
2875,工业,服装及其他纤维制品制造业
2876,工业,信息技术业
2877,工业,仪器仪表及文化、办公用机械制造业
2878,公用事业,其他社会服务业
2879,工业,电器机械及器材制造业
2880,工业,医药制造业
2881,工业,信息技术业
2882,工业,电器机械及器材制造业
2883,公用事业,专业、科研服务业
2884,工业,普通机械制造业
2885,工业,信息技术业
2886,工业,石油、化学、塑胶、塑料
2887,公用事业,其他社会服务业
2888,工业,信息技术业
2889,公用事业,其他社会服务业
2890,工业,专用设备制造业
2891,工业,食品加工业
2892,工业,电器机械及器材制造业
2893,工业,电力、蒸汽、热水的生产和供应业
2895,工业,化学原料及化学制品制造业
2896,工业,普通机械制造业
2897,工业,信息技术业
2898,工业,医药制造业
2899,工业,文教体育用品制造业
2900,工业,医药制造业
2901,工业,专用设备制造业
2902,工业,信息技术业
2903,工业,普通机械制造业
2905,公用事业,广播电影电视业
2906,工业,信息技术业
2907,工业,医药制造业
2908,公用事业,计算机应用服务业
2909,工业,化学原料及化学制品制造业
2910,工业,食品制造业
2911,工业,煤气生产和供应业
2912,公用事业,计算机应用服务业
2913,工业,信息技术业
2915,工业,化学原料及化学制品制造业
2916,工业,信息技术业
2917,工业,化学原料及化学制品制造业
2918,工业,非金属矿物制品业
2919,工业,化学原料及化学制品制造业
2920,工业,交通运输设备制造业
2921,工业,金属制品业
2922,工业,电器机械及器材制造业
2923,工业,医药制造业
2925,工业,信息技术业
2926,金融,证券、期货业
2927,工业,电器机械及器材制造业
2928,公用事业,航空运输业
2929,公用事业,计算机应用服务业
2930,公用事业,仓储业
2931,工业,专用设备制造业
2932,工业,医药制造业
2933,工业,交通运输设备制造业
2935,工业,信息技术业
2936,金融,银行业
2937,工业,信息技术业
2938,工业,信息技术业
2939,金融,证券、期货业
2940,工业,医药制造业
2941,房地产,土木工程建筑业
2942,工业,化学原料及化学制品制造业
2943,工业,普通机械制造业
2945,金融,证券、期货业
2946,工业,食品制造业
2947,工业,信息技术业
2948,金融,银行业
2949,公用事业,专业、科研服务业
2950,工业,专用设备制造业
2951,工业,印刷业
2952,工业,信息技术业
2953,工业,电器机械及器材制造业
2955,工业,信息技术业
2956,工业,食品制造业
2957,工业,专用设备制造业
2958,金融,银行业
2959,工业,电器机械及器材制造业
2960,工业,信息技术业
2961,金融,证券、期货业
2962,工业,信息技术业
2963,综合,装修装饰业
2965,工业,金属制品业
2966,金融,银行业
2967,公用事业,专业、科研服务业
2968,房地产,房地产业
2969,工业,金属制品业
2970,工业,信息技术业
2971,工业,化学原料及化学制品制造业
2972,工业,信息技术业
2973,公用事业,公共设施服务业
2975,工业,专用设备制造业
2976,工业,金属制品业
2977,工业,信息技术业
2978,工业,黑色金属矿采选业
2979,工业,仪器仪表及文化、办公用机械制造业
2980,工业,仪器仪表及文化、办公用机械制造业
2981,工业,信息技术业
2982,综合,畜牧业
2983,工业,信息技术业
2985,工业,交通运输设备制造业
2986,工业,化学原料及化学制品制造业
2987,公用事业,计算机应用服务业
2988,工业,有色金属冶炼及压延加工业
2989,综合,装修装饰业
2990,公用事业,计算机应用服务业
3816,工业,电力、蒸汽、热水的生产和供应业
200002,房地产,房地产业
200003,综合,综合类
200011,房地产,房地产业
200012,工业,非金属矿物制品业
200013,商业,批发和零售贸易
200015,综合,综合类
200016,工业,信息技术业
200017,工业,交通运输设备制造业
200018,综合,装修装饰业
200019,商业,批发和零售贸易
200020,工业,信息技术业
200022,公用事业,水上运输业
200024,房地产,房地产开发与经营业
200025,商业,批发和零售贸易
200026,商业,零售业
200028,商业,批发和零售贸易
200029,房地产,房地产业
200030,工业,交通运输设备制造业
200037,工业,电力、蒸汽、热水的生产和供应业
200039,工业,金属制品业
200041,工业,医药制造业
200045,工业,信息技术业
200053,公用事业,仓储业
200054,工业,交通运输设备制造业
200055,工业,金属制品业
200056,公用事业,其他社会服务业
200057,公用事业,水上运输业
200058,公用事业,其他社会服务业
200152,公用事业,航空运输业
200160,房地产,房地产业
200168,房地产,房地产业
200413,工业,信息技术业
200418,工业,电器机械及器材制造业
200429,公用事业,公路运输业
200468,工业,信息技术业
200488,工业,造纸及纸制品业
200505,工业,食品加工业
200512,工业,电器机械及器材制造业
200513,工业,医药制造业
200521,工业,电器机械及器材制造业
200530,工业,普通机械制造业
200539,工业,电力、蒸汽、热水的生产和供应业
200541,工业,电器机械及器材制造业
200550,工业,交通运输设备制造业
200553,工业,化学原料及化学制品制造业
200570,工业,普通机械制造业
200581,工业,交通运输设备制造业
200596,工业,饮料制造业
200613,商业,旅馆业
200625,工业,交通运输设备制造业
200706,工业,普通机械制造业
200725,工业,信息技术业
200726,工业,纺织业
200761,工业,黑色金属冶炼及压延加工业
200770,工业,电器机械及器材制造业
200771,工业,普通机械制造业
200869,工业,饮料制造业
200986,工业,造纸及纸制品业
200992,综合,渔业
201872,公用事业,水上运输业
300001,工业,电器机械及器材制造业
300002,公用事业,计算机应用服务业
300003,工业,专用设备制造业
300004,工业,普通机械制造业
300005,工业,服装及其他纤维制品制造业
300006,工业,医药制造业
300007,工业,仪器仪表及文化、办公用机械制造业
300008,房地产,土木工程建筑业
300009,工业,医药制造业
300010,公用事业,计算机应用服务业
300011,工业,交通运输设备制造业
300012,公用事业,专业、科研服务业
300013,公用事业,仓储业
300014,工业,电器机械及器材制造业
300015,公用事业,卫生、保健、护理服务业
300016,工业,医药制造业
300017,公用事业,计算机应用服务业
300018,工业,电器机械及器材制造业
300019,工业,化学原料及化学制品制造业
300020,公用事业,计算机应用服务业
300021,工业,石油、化学、塑胶、塑料
300022,商业,零售业
300023,金融,其他金融业
300024,工业,普通机械制造业
300025,公用事业,计算机应用服务业
300026,工业,医药制造业
300027,公用事业,广播电影电视业
300028,工业,信息技术业
300029,工业,专用设备制造业
300030,工业,专用设备制造业
300031,公用事业,计算机应用服务业
300032,工业,电器机械及器材制造业
300033,金融,其他金融业
300034,工业,有色金属冶炼及压延加工业
300035,工业,电器机械及器材制造业
300036,公用事业,计算机应用服务业
300037,工业,化学原料及化学制品制造业
300038,公用事业,计算机应用服务业
300039,工业,医药制造业
300040,工业,电器机械及器材制造业
300041,工业,化学原料及化学制品制造业
300042,工业,信息技术业
300043,公用事业,计算机应用服务业
300044,公用事业,计算机应用服务业
300045,工业,专用设备制造业
300046,工业,信息技术业
300047,公用事业,计算机应用服务业
300048,工业,电器机械及器材制造业
300049,工业,专用设备制造业
300050,公用事业,计算机应用服务业
300051,公用事业,计算机应用服务业
300052,公用事业,计算机应用服务业
300053,工业,信息技术业
300054,工业,化学原料及化学制品制造业
300055,房地产,土木工程建筑业
300056,工业,专用设备制造业
300057,工业,有色金属冶炼及压延加工业
300058,公用事业,其他社会服务业
300059,金融,证券、期货业
300061,公用事业,其他社会服务业
300062,工业,电器机械及器材制造业
300063,公用事业,其他社会服务业
300064,工业,非金属矿物制品业
300065,工业,信息技术业
300066,工业,仪器仪表及文化、办公用机械制造业
300067,工业,化学原料及化学制品制造业
300068,工业,电器机械及器材制造业
300069,工业,电器机械及器材制造业
300070,公用事业,其他社会服务业
300071,公用事业,其他社会服务业
300072,工业,化学原料及化学制品制造业
300073,工业,电器机械及器材制造业
300074,公用事业,计算机应用服务业
300075,公用事业,计算机应用服务业
300076,工业,信息技术业
300077,工业,信息技术业
300078,工业,信息技术业
300079,工业,信息技术业
300080,工业,非金属矿物制品业
300081,公用事业,专业、科研服务业
300082,工业,化学原料及化学制品制造业
300083,工业,信息技术业
300084,工业,采掘服务业
300085,公用事业,计算机应用服务业
300086,工业,医药制造业
300087,综合,农业
300088,工业,信息技术业
300089,工业,非金属矿物制品业
300090,工业,普通机械制造业
300091,工业,普通机械制造业
300092,工业,专用设备制造业
300093,工业,非金属矿物制品业
300094,综合,渔业
300095,工业,专用设备制造业
300096,公用事业,计算机应用服务业
300097,工业,普通机械制造业
300098,公用事业,计算机应用服务业
300099,工业,专用设备制造业
300100,工业,交通运输设备制造业
300101,工业,信息技术业
300102,工业,信息技术业
300103,公用事业,其他社会服务业
300104,公用事业,计算机应用服务业
300105,工业,电器机械及器材制造业
300106,综合,畜牧业
300107,工业,化学原料及化学制品制造业
300108,工业,医药制造业
300109,工业,化学原料及化学制品制造业
300110,工业,医药制造业
300111,工业,医药制造业
300112,工业,仪器仪表及文化、办公用机械制造业
300113,公用事业,计算机应用服务业
300114,工业,信息技术业
300115,工业,信息技术业
300116,工业,电器机械及器材制造业
300117,综合,装修装饰业
300118,工业,电器机械及器材制造业
300119,工业,医药制造业
300120,工业,信息技术业
300121,工业,化学原料及化学制品制造业
300122,工业,医药制造业
300123,工业,交通运输设备制造业
300124,工业,电器机械及器材制造业
300125,公用事业,专业、科研服务业
300126,工业,普通机械制造业
300127,工业,信息技术业
300128,工业,信息技术业
300129,工业,电器机械及器材制造业
300130,工业,专用设备制造业
300131,商业,批发和零售贸易
300132,工业,化学原料及化学制品制造业
300133,公用事业,广播电影电视业
300134,工业,信息技术业
300135,工业,化学原料及化学制品制造业
300136,工业,信息技术业
300137,工业,仪器仪表及文化、办公用机械制造业
300138,工业,食品加工业
300139,工业,信息技术业
300140,工业,专用设备制造业
300141,工业,电器机械及器材制造业
300142,工业,医药制造业
300143,公用事业,卫生、保健、护理服务业
300144,公用事业,艺术业
300145,工业,普通机械制造业
300146,工业,食品制造业
300147,工业,医药制造业
300148,公用事业,计算机应用服务业
300149,公用事业,专业、科研服务业
300150,公用事业,计算机应用服务业
300151,工业,专用设备制造业
300152,公用事业,其他社会服务业
300153,工业,电器机械及器材制造业
300154,工业,普通机械制造业
300155,工业,信息技术业
300156,工业,专用设备制造业
300157,工业,采掘服务业
300158,工业,医药制造业
300159,工业,交通运输设备制造业
300160,工业,非金属矿物制品业
300161,工业,普通机械制造业
300162,工业,信息技术业
300163,工业,其他制造业
300164,工业,采掘服务业
300165,工业,仪器仪表及文化、办公用机械制造业
300166,公用事业,计算机应用服务业
300167,公用事业,计算机应用服务业
300168,公用事业,计算机应用服务业
300169,工业,石油、化学、塑胶、塑料
300170,公用事业,计算机应用服务业
300171,工业,专用设备制造业
300172,公用事业,其他社会服务业
300173,工业,专用设备制造业
300174,工业,化学原料及化学制品制造业
300175,工业,食品加工业
300176,工业,交通运输设备制造业
300177,工业,信息技术业
300178,公用事业,其他社会服务业
300179,工业,非金属矿物制品业
300180,工业,石油、化学、塑胶、塑料
300181,工业,医药制造业
300182,公用事业,广播电影电视业
300183,公用事业,计算机应用服务业
300184,商业,批发和零售贸易
300185,工业,普通机械制造业
300186,工业,医药制造业
300187,公用事业,其他社会服务业
300188,公用事业,计算机应用服务业
300189,综合,农业
300190,公用事业,其他社会服务业
300191,工业,采掘服务业
300192,工业,化学原料及化学制品制造业
300193,工业,普通机械制造业
300194,工业,医药制造业
300195,工业,专用设备制造业
300196,工业,非金属矿物制品业
300197,公用事业,其他社会服务业
300198,工业,石油、化学、塑胶、塑料
300199,工业,医药制造业
300200,工业,化学原料及化学制品制造业
300201,工业,专用设备制造业
300202,工业,普通机械制造业
300203,工业,仪器仪表及文化、办公用机械制造业
300204,工业,医药制造业
300205,工业,信息技术业
300206,工业,专用设备制造业
300207,工业,电器机械及器材制造业
300208,工业,电器机械及器材制造业
300209,公用事业,计算机应用服务业
300210,工业,专用设备制造业
300211,工业,信息技术业
300212,公用事业,计算机应用服务业
300213,工业,信息技术业
300214,工业,化学原料及化学制品制造业
300215,公用事业,专业、科研服务业
300216,工业,专用设备制造业
300217,工业,电器机械及器材制造业
300218,工业,石油、化学、塑胶、塑料
300219,工业,信息技术业
300220,工业,信息技术业
300221,工业,石油、化学、塑胶、塑料
300222,工业,电器机械及器材制造业
300223,工业,信息技术业
300224,工业,非金属矿物制品业
300225,工业,化学原料及化学制品制造业
300226,公用事业,计算机应用服务业
300227,工业,信息技术业
300228,工业,专用设备制造业
300229,公用事业,计算机应用服务业
300230,工业,石油、化学、塑胶、塑料
300231,公用事业,计算机应用服务业
300232,工业,信息技术业
300233,工业,医药制造业
300234,工业,非金属矿物制品业
300235,公用事业,计算机应用服务业
300236,工业,化学原料及化学制品制造业
300237,房地产,土木工程建筑业
300238,工业,专用设备制造业
300239,工业,医药制造业
300240,公用事业,仓储业
300241,工业,信息技术业
300242,公用事业,计算机应用服务业
300243,工业,化学原料及化学制品制造业
300244,公用事业,卫生、保健、护理服务业
300245,公用事业,计算机应用服务业
300246,工业,专用设备制造业
300247,工业,电器机械及器材制造业
300248,公用事业,计算机应用服务业
300249,公用事业,计算机应用服务业
300250,公用事业,计算机应用服务业
300251,公用事业,广播电影电视业
300252,工业,电器机械及器材制造业
300253,公用事业,计算机应用服务业
300254,工业,医药制造业
300255,工业,医药制造业
300256,工业,信息技术业
300257,工业,普通机械制造业
300258,工业,交通运输设备制造业
300259,工业,仪器仪表及文化、办公用机械制造业
300260,工业,普通机械制造业
300261,工业,化学原料及化学制品制造业
300262,公用事业,其他社会服务业
300263,工业,普通机械制造业
300264,公用事业,计算机应用服务业
300265,工业,电器机械及器材制造业
300266,公用事业,其他社会服务业
300267,工业,医药制造业
300268,工业,食品加工业
300269,公用事业,其他社会服务业
300270,工业,信息技术业
300271,公用事业,计算机应用服务业
300272,工业,电器机械及器材制造业
300273,工业,专用设备制造业
300274,工业,电器机械及器材制造业
300275,公用事业,计算机应用服务业
300276,工业,专用设备制造业
300277,公用事业,计算机应用服务业
300278,工业,专用设备制造业
300279,工业,电器机械及器材制造业
300280,公用事业,其他社会服务业
300281,工业,专用设备制造业
300282,工业,信息技术业
300283,工业,电器机械及器材制造业
300284,公用事业,专业、科研服务业
300285,工业,化学原料及化学制品制造业
300286,工业,仪器仪表及文化、办公用机械制造业
300287,公用事业,计算机应用服务业
300288,公用事业,通信服务业
300289,工业,医药制造业
300290,公用事业,计算机应用服务业
300291,公用事业,广播电影电视业
300292,公用事业,计算机应用服务业
300293,工业,专用设备制造业
300294,工业,医药制造业
300295,公用事业,计算机应用服务业
300296,工业,信息技术业
300297,公用事业,计算机应用服务业
300298,工业,专用设备制造业
300299,公用事业,计算机应用服务业
300300,公用事业,计算机应用服务业
300301,工业,信息技术业
300302,公用事业,计算机应用服务业
300303,工业,信息技术业
300304,工业,交通运输设备制造业
300305,工业,石油、化学、塑胶、塑料
300306,工业,仪器仪表及文化、办公用机械制造业
300307,工业,专用设备制造业
300308,工业,信息技术业
300309,金融,证券、期货业
300310,公用事业,通信服务业
300311,公用事业,计算机应用服务业
300312,公用事业,计算机应用服务业
300313,综合,畜牧业
300314,工业,专用设备制造业
300315,公用事业,计算机应用服务业
300316,工业,专用设备制造业
300317,工业,电器机械及器材制造业
300318,工业,专用设备制造业
300319,工业,信息技术业
300320,工业,石油、化学、塑胶、塑料
300321,工业,石油、化学、塑胶、塑料
300322,工业,信息技术业
300323,工业,信息技术业
300324,公用事业,计算机应用服务业
300325,工业,石油、化学、塑胶、塑料
300326,工业,专用设备制造业
300327,工业,信息技术业
300328,工业,金属制品业
300329,工业,文教体育用品制造业
300330,公用事业,计算机应用服务业
300331,工业,信息技术业
300332,工业,煤气生产和供应业
300333,公用事业,计算机应用服务业
300334,工业,专用设备制造业
300335,工业,电力、蒸汽、热水的生产和供应业
300336,公用事业,广播电影电视业
300337,工业,有色金属冶炼及压延加工业
300338,公用事业,其他社会服务业
300339,公用事业,计算机应用服务业
300340,工业,电器机械及器材制造业
300341,工业,电器机械及器材制造业
300342,工业,电器机械及器材制造业
300343,公用事业,计算机应用服务业
300344,公用事业,其他社会服务业
300345,工业,金属制品业
300346,工业,信息技术业
300347,公用事业,卫生、保健、护理服务业
300348,公用事业,计算机应用服务业
300349,公用事业,计算机应用服务业
300350,公用事业,计算机应用服务业
300351,工业,信息技术业
300352,公用事业,计算机应用服务业
300353,工业,信息技术业
300354,工业,仪器仪表及文化、办公用机械制造业
300355,公用事业,其他社会服务业
300356,工业,电器机械及器材制造业
300357,工业,医药制造业
300358,工业,专用设备制造业
300359,公用事业,计算机应用服务业
300360,工业,仪器仪表及文化、办公用机械制造业
300362,工业,普通机械制造业
300363,工业,医药制造业
300364,公用事业,出版业
300365,公用事业,计算机应用服务业
300366,公用事业,计算机应用服务业
300367,工业,信息技术业
300368,工业,专用设备制造业
300369,公用事业,计算机应用服务业
300370,工业,仪器仪表及文化、办公用机械制造业
300371,工业,仪器仪表及文化、办公用机械制造业
300372,工业,电器机械及器材制造业
300373,工业,信息技术业
300374,工业,非金属矿物制品业
300375,工业,石油、化学、塑胶、塑料
300376,工业,电器机械及器材制造业
300377,公用事业,计算机应用服务业
300378,公用事业,计算机应用服务业
300379,公用事业,计算机应用服务业
300380,公用事业,计算机应用服务业
300381,工业,医药制造业
300382,工业,专用设备制造业
300383,公用事业,计算机应用服务业
300384,公用事业,专业、科研服务业
300385,工业,专用设备制造业
300386,公用事业,计算机应用服务业
300387,工业,化学原料及化学制品制造业
300388,公用事业,其他社会服务业
300389,工业,信息技术业
300390,工业,信息技术业
300391,工业,电器机械及器材制造业
300392,公用事业,计算机应用服务业
300393,工业,信息技术业
300394,工业,信息技术业
300395,工业,非金属矿物制品业
300396,工业,专用设备制造业
300397,工业,信息技术业
300398,工业,化学原料及化学制品制造业
300399,公用事业,计算机应用服务业
300400,工业,专用设备制造业
300401,工业,食品制造业
300402,工业,专用设备制造业
300403,工业,电器机械及器材制造业
300404,公用事业,专业、科研服务业
300405,工业,化学原料及化学制品制造业
300406,工业,医药制造业
300407,工业,电器机械及器材制造业
300408,工业,信息技术业
300409,工业,非金属矿物制品业
300410,工业,专用设备制造业
300411,工业,普通机械制造业
300412,工业,专用设备制造业
300413,公用事业,艺术业
300414,工业,信息技术业
300415,工业,专用设备制造业
300416,工业,仪器仪表及文化、办公用机械制造业
300417,工业,仪器仪表及文化、办公用机械制造业
300418,公用事业,计算机应用服务业
300419,公用事业,计算机应用服务业
300420,工业,普通机械制造业
300421,工业,普通机械制造业
300422,公用事业,其他社会服务业
300423,工业,电器机械及器材制造业
300424,工业,交通运输设备制造业
300425,工业,专用设备制造业
300426,公用事业,广播电影电视业
300427,工业,电器机械及器材制造业
300428,工业,交通运输设备制造业
300429,工业,化学原料及化学制品制造业
300430,工业,仪器仪表及文化、办公用机械制造业
300431,公用事业,计算机应用服务业
300432,工业,交通运输设备制造业
300433,工业,信息技术业
300434,工业,医药制造业
300435,工业,煤气生产和供应业
300436,工业,医药制造业
300437,工业,化学原料及化学制品制造业
300438,工业,电器机械及器材制造业
300439,工业,医药制造业
300440,公用事业,计算机应用服务业
300441,工业,普通机械制造业
300442,工业,专用设备制造业
300443,工业,专用设备制造业
300444,工业,电器机械及器材制造业
300445,工业,仪器仪表及文化、办公用机械制造业
300446,工业,化学原料及化学制品制造业
300447,工业,电器机械及器材制造业
300448,公用事业,计算机应用服务业
300449,工业,信息技术业
300450,工业,专用设备制造业
300451,公用事业,计算机应用服务业
300452,工业,医药制造业
300453,工业,专用设备制造业
300454,公用事业,计算机应用服务业
300455,工业,信息技术业
300456,工业,信息技术业
300457,工业,专用设备制造业
300458,工业,信息技术业
300459,公用事业,计算机应用服务业
300460,工业,信息技术业
300461,工业,专用设备制造业
300462,工业,专用设备制造业
300463,工业,医药制造业
300464,商业,零售业
300465,公用事业,计算机应用服务业
300466,工业,仪器仪表及文化、办公用机械制造业
300467,公用事业,计算机应用服务业
300468,公用事业,计算机应用服务业
300469,公用事业,计算机应用服务业
300470,工业,普通机械制造业
300471,工业,专用设备制造业
300472,工业,专用设备制造业
300473,工业,普通机械制造业
300474,工业,信息技术业
300475,工业,电器机械及器材制造业
300476,工业,信息技术业
300477,工业,电器机械及器材制造业
300478,工业,石油、化学、塑胶、塑料
300479,工业,信息技术业
300480,工业,仪器仪表及文化、办公用机械制造业
300481,工业,化学原料及化学制品制造业
300482,工业,医药制造业
300483,工业,石油和天然气开采业
300484,工业,电器机械及器材制造业
300485,工业,医药制造业
300486,工业,专用设备制造业
300487,工业,化学原料及化学制品制造业
300488,工业,金属制品业
300489,工业,有色金属冶炼及压延加工业
300490,工业,电器机械及器材制造业
300491,工业,电器机械及器材制造业
300492,公用事业,专业、科研服务业
300493,公用事业,计算机应用服务业
300494,公用事业,计算机应用服务业
300495,公用事业,其他社会服务业
300496,公用事业,计算机应用服务业
300497,工业,医药制造业
300498,综合,畜牧业
300499,工业,电器机械及器材制造业
300500,公用事业,专业、科研服务业
300501,工业,医药制造业
300502,工业,信息技术业
300503,工业,普通机械制造业
300504,工业,信息技术业
300505,工业,化学原料及化学制品制造业
300506,综合,装修装饰业
300507,工业,交通运输设备制造业
300508,公用事业,计算机应用服务业
300509,工业,专用设备制造业
300510,工业,电器机械及器材制造业
300511,综合,农业
300512,工业,普通机械制造业
300513,公用事业,计算机应用服务业
300514,工业,信息技术业
300515,工业,仪器仪表及文化、办公用机械制造业
300516,工业,信息技术业
300517,房地产,土木工程建筑业
300518,公用事业,计算机应用服务业
300519,工业,医药制造业
300520,公用事业,计算机应用服务业
300521,工业,专用设备制造业
300522,工业,化学原料及化学制品制造业
300523,公用事业,计算机应用服务业
300525,公用事业,计算机应用服务业
300526,工业,专用设备制造业
300527,工业,专用设备制造业
300528,公用事业,广播电影电视业
300529,工业,专用设备制造业
300530,工业,化学原料及化学制品制造业
300531,工业,信息技术业
300532,公用事业,计算机应用服务业
300533,公用事业,计算机应用服务业
300534,工业,医药制造业
300535,工业,化学原料及化学制品制造业
300536,房地产,土木工程建筑业
300537,工业,化学原料及化学制品制造业
300538,商业,批发和零售贸易
300539,工业,石油、化学、塑胶、塑料
300540,工业,普通机械制造业
300541,公用事业,计算机应用服务业
300542,公用事业,计算机应用服务业
300543,工业,信息技术业
300545,工业,专用设备制造业
300546,工业,信息技术业
300547,工业,石油、化学、塑胶、塑料
300548,工业,信息技术业
300549,工业,专用设备制造业
300550,公用事业,计算机应用服务业
300551,工业,专用设备制造业
300552,公用事业,计算机应用服务业
300553,工业,仪器仪表及文化、办公用机械制造业
300554,工业,非金属矿物制品业
300555,工业,信息技术业
300556,公用事业,计算机应用服务业
300557,工业,仪器仪表及文化、办公用机械制造业
300558,工业,医药制造业
300559,公用事业,计算机应用服务业
300560,公用事业,计算机应用服务业
300561,公用事业,计算机应用服务业
300562,工业,专用设备制造业
300563,工业,信息技术业
300564,公用事业,专业、科研服务业
300565,工业,信息技术业
300566,工业,信息技术业
300567,工业,仪器仪表及文化、办公用机械制造业
300568,工业,化学原料及化学制品制造业
300569,工业,电器机械及器材制造业
300570,工业,信息技术业
300571,公用事业,计算机应用服务业
300572,工业,仪器仪表及文化、办公用机械制造业
300573,工业,医药制造业
300575,工业,化学原料及化学制品制造业
300576,工业,化学原料及化学制品制造业
300577,工业,纺织业
300578,公用事业,计算机应用服务业
300579,公用事业,计算机应用服务业
300580,工业,交通运输设备制造业
300581,工业,信息技术业
300582,工业,信息技术业
300583,工业,医药制造业
300584,工业,医药制造业
300585,工业,交通运输设备制造业
300586,工业,石油、化学、塑胶、塑料
300587,工业,石油、化学、塑胶、塑料
300588,公用事业,计算机应用服务业
300589,工业,交通运输设备制造业
300590,工业,信息技术业
300591,工业,皮革、毛皮、羽绒及制品制造业
300592,公用事业,艺术业
300593,工业,电器机械及器材制造业
300594,工业,交通运输设备制造业
300595,工业,专用设备制造业
300596,工业,化学原料及化学制品制造业
300597,公用事业,计算机应用服务业
300598,公用事业,计算机应用服务业
300599,工业,石油、化学、塑胶、塑料
300600,工业,交通运输设备制造业
300601,工业,医药制造业
300602,工业,信息技术业
300603,公用事业,计算机应用服务业
300604,工业,专用设备制造业
300605,公用事业,计算机应用服务业
300606,工业,非金属矿物制品业
300607,工业,普通机械制造业
300608,公用事业,计算机应用服务业
300609,公用事业,计算机应用服务业
300610,工业,化学原料及化学制品制造业
300611,工业,普通机械制造业
300612,公用事业,其他社会服务业
300613,公用事业,计算机应用服务业
300615,工业,信息技术业
300616,工业,家具制造业
300617,工业,电器机械及器材制造业
300618,工业,有色金属冶炼及压延加工业
300619,工业,专用设备制造业
300620,工业,信息技术业
300621,综合,装修装饰业
300622,商业,零售业
300623,工业,信息技术业
300624,公用事业,计算机应用服务业
300625,工业,电器机械及器材制造业
300626,工业,电器机械及器材制造业
300627,工业,信息技术业
300628,工业,信息技术业
300629,工业,金属制品业
300630,工业,医药制造业
300631,工业,专用设备制造业
300632,工业,信息技术业
300633,工业,专用设备制造业
300634,公用事业,计算机应用服务业
300635,公用事业,专业、科研服务业
300636,工业,医药制造业
300637,工业,化学原料及化学制品制造业
300638,工业,信息技术业
300639,工业,医药制造业
300640,工业,文教体育用品制造业
300641,工业,化学原料及化学制品制造业
300642,工业,医药制造业
300643,工业,交通运输设备制造业
300644,工业,石油、化学、塑胶、塑料
300645,公用事业,计算机应用服务业
300647,工业,信息技术业
300648,工业,仪器仪表及文化、办公用机械制造业
300649,房地产,土木工程建筑业
300650,工业,电器机械及器材制造业
300651,工业,文教体育用品制造业
300652,工业,交通运输设备制造业
300653,工业,专用设备制造业
300654,公用事业,出版业
300655,工业,化学原料及化学制品制造业
300656,工业,信息技术业
300657,工业,信息技术业
300658,工业,纺织业
300659,公用事业,计算机应用服务业
300660,工业,电器机械及器材制造业
300661,工业,信息技术业
300662,公用事业,其他社会服务业
300663,公用事业,计算机应用服务业
300664,公用事业,其他社会服务业
300665,工业,化学原料及化学制品制造业
300666,工业,信息技术业
300667,工业,仪器仪表及文化、办公用机械制造业
300668,公用事业,专业、科研服务业
300669,工业,普通机械制造业
300670,工业,电器机械及器材制造业
300671,公用事业,计算机应用服务业
300672,工业,信息技术业
300673,工业,食品加工业
300674,公用事业,计算机应用服务业
300675,公用事业,专业、科研服务业
300676,公用事业,专业、科研服务业
300677,工业,石油、化学、塑胶、塑料
300678,公用事业,计算机应用服务业
300679,工业,信息技术业
300680,工业,交通运输设备制造业
300681,工业,电器机械及器材制造业
300682,公用事业,计算机应用服务业
300683,工业,医药制造业
300684,工业,化学原料及化学制品制造业
300685,工业,医药制造业
300686,工业,信息技术业
300687,公用事业,计算机应用服务业
300688,公用事业,其他社会服务业
300689,工业,信息技术业
300690,工业,非金属矿物制品业
300691,工业,信息技术业
300692,公用事业,其他社会服务业
300693,工业,电器机械及器材制造业
300694,工业,普通机械制造业
300695,工业,交通运输设备制造业
300696,工业,交通运输设备制造业
300697,工业,有色金属冶炼及压延加工业
300698,工业,信息技术业
300699,工业,化学纤维制造业
300700,工业,非金属矿物制品业
300701,工业,信息技术业
300702,工业,医药制造业
300703,工业,文教体育用品制造业
300705,工业,医药制造业
300706,工业,其他制造业
300707,工业,专用设备制造业
300708,工业,信息技术业
300709,工业,信息技术业
300710,工业,信息技术业
300711,工业,信息技术业
300712,房地产,土木工程建筑业
300713,工业,电器机械及器材制造业
300715,工业,非金属矿物制品业
300716,工业,石油、化学、塑胶、塑料
300717,工业,石油、化学、塑胶、塑料
300718,工业,普通机械制造业
300719,工业,交通运输设备制造业
300720,工业,仪器仪表及文化、办公用机械制造业
300721,工业,化学原料及化学制品制造业
300722,工业,其他制造业
300723,工业,医药制造业
300724,工业,电器机械及器材制造业
300725,工业,化学原料及化学制品制造业
300726,工业,信息技术业
300727,工业,化学原料及化学制品制造业
300729,工业,家具制造业
300730,公用事业,计算机应用服务业
300731,工业,石油、化学、塑胶、塑料
300732,公用事业,专业、科研服务业
300733,工业,交通运输设备制造业
300735,工业,信息技术业
300736,公用事业,其他社会服务业
300737,工业,非金属矿物制品业
300738,公用事业,计算机应用服务业
300739,工业,信息技术业
300740,工业,化学原料及化学制品制造业
300741,工业,化学原料及化学制品制造业
300742,工业,交通运输设备制造业
300743,工业,信息技术业
300745,工业,交通运输设备制造业
300746,公用事业,专业、科研服务业
300747,工业,信息技术业
300748,工业,非金属矿物制品业
300749,工业,家具制造业
300750,工业,电器机械及器材制造业
300751,工业,专用设备制造业
300752,工业,信息技术业
300753,工业,专用设备制造业
300755,商业,批发和零售贸易
300756,工业,文教体育用品制造业
300757,工业,专用设备制造业
300758,工业,化学原料及化学制品制造业
300759,公用事业,专业、科研服务业
300760,工业,专用设备制造业
300761,综合,畜牧业
300762,工业,信息技术业
300763,工业,电器机械及器材制造业
300765,工业,食品制造业
300766,公用事业,计算机应用服务业
300767,工业,石油、化学、塑胶、塑料
300768,公用事业,计算机应用服务业
300769,工业,化学原料及化学制品制造业
300770,公用事业,通信服务业
300771,工业,专用设备制造业
300772,工业,普通机械制造业
300773,公用事业,计算机应用服务业
300775,工业,交通运输设备制造业
300776,工业,专用设备制造业
300777,工业,化学纤维制造业
300778,公用事业,专业、科研服务业
300779,工业,有色金属矿采选业
300780,工业,普通机械制造业
300781,公用事业,其他社会服务业
300782,工业,信息技术业
300783,商业,零售业
300785,公用事业,计算机应用服务业
300786,工业,专用设备制造业
300787,工业,信息技术业
300788,公用事业,出版业
300789,公用事业,计算机应用服务业
300790,工业,信息技术业
300791,工业,食品制造业
300792,公用事业,计算机应用服务业
300793,工业,信息技术业
300795,公用事业,其他社会服务业
300796,工业,化学原料及化学制品制造业
300797,公用事业,专业、科研服务业
300798,工业,化学原料及化学制品制造业
300799,公用事业,计算机应用服务业
300800,工业,仪器仪表及文化、办公用机械制造业
300801,工业,化学原料及化学制品制造业
300802,工业,信息技术业
300803,金融,其他金融业
300805,公用事业,其他社会服务业
300806,工业,石油、化学、塑胶、塑料
300807,工业,信息技术业
300808,工业,电器机械及器材制造业
300809,工业,普通机械制造业
300810,公用事业,计算机应用服务业
300811,工业,信息技术业
300812,工业,专用设备制造业
300813,工业,专用设备制造业
300815,公用事业,公共设施服务业
300816,公用事业,其他社会服务业
300817,工业,普通机械制造业
300818,工业,专用设备制造业
300819,工业,纺织业
300820,工业,电器机械及器材制造业
300821,工业,化学原料及化学制品制造业
300822,工业,信息技术业
300823,工业,专用设备制造业
300824,工业,电器机械及器材制造业
300825,公用事业,专业、科研服务业
300826,公用事业,专业、科研服务业
300827,工业,电器机械及器材制造业
300828,工业,金属制品业
300829,工业,食品制造业
300830,公用事业,计算机应用服务业
300831,工业,信息技术业
300832,工业,医药制造业
300833,工业,电器机械及器材制造业
300835,工业,信息技术业
300836,工业,专用设备制造业
300837,工业,专用设备制造业
300838,工业,仪器仪表及文化、办公用机械制造业
300839,工业,石油加工及炼焦业
300840,工业,服装及其他纤维制品制造业
300841,工业,医药制造业
300842,工业,信息技术业
300843,工业,信息技术业
300845,公用事业,计算机应用服务业
300846,公用事业,计算机应用服务业
300847,工业,信息技术业
300848,工业,化学原料及化学制品制造业
300849,工业,石油、化学、塑胶、塑料
300850,工业,普通机械制造业
300851,公用事业,计算机应用服务业
300852,工业,信息技术业
300853,工业,普通机械制造业
300855,工业,有色金属冶炼及压延加工业
300856,工业,化学原料及化学制品制造业
300857,工业,信息技术业
300858,工业,食品制造业
600000,金融,银行业
600001,工业,黑色金属冶炼及压延加工业
600002,工业,石油加工及炼焦业
600003,公用事业,交通运输辅助业
600004,公用事业,航空运输业
600005,工业,黑色金属冶炼及压延加工业
600006,工业,交通运输设备制造业
600007,房地产,房地产业
600008,公用事业,自来水的生产和供应业
600009,公用事业,航空运输业
600010,工业,黑色金属冶炼及压延加工业
600011,工业,电力、蒸汽、热水的生产和供应业
600012,公用事业,公路运输业
600015,金融,银行业
600016,金融,银行业
600017,公用事业,水上运输业
600018,公用事业,水上运输业
600019,工业,黑色金属冶炼及压延加工业
600020,公用事业,公路运输业
600021,工业,电力、蒸汽、热水的生产和供应业
600022,工业,黑色金属冶炼及压延加工业
600023,工业,电力、蒸汽、热水的生产和供应业
600025,工业,电力、蒸汽、热水的生产和供应业
600026,公用事业,水上运输业
600027,工业,电力、蒸汽、热水的生产和供应业
600028,工业,石油和天然气开采业
600029,公用事业,航空运输业
600030,金融,证券、期货业
600031,工业,专用设备制造业
600033,公用事业,公路运输业
600035,公用事业,公路运输业
600036,金融,银行业
600037,公用事业,通信服务业
600038,工业,交通运输设备制造业
600039,房地产,土木工程建筑业
600048,房地产,房地产业
600050,公用事业,通信服务业
600051,商业,批发和零售贸易
600052,公用事业,广播电影电视业
600053,金融,其他金融业
600054,公用事业,公共设施服务业
600055,工业,专用设备制造业
600056,工业,医药制造业
600057,公用事业,其他社会服务业
600058,商业,批发和零售贸易
600059,工业,饮料制造业
600060,工业,信息技术业
600061,金融,证券、期货业
600062,工业,医药制造业
600063,工业,化学纤维制造业
600064,房地产,房地产业
600065,工业,石油加工及炼焦业
600066,工业,交通运输设备制造业
600067,房地产,房地产业
600068,房地产,土木工程建筑业
600069,工业,造纸及纸制品业
600070,公用事业,计算机应用服务业
600071,工业,仪器仪表及文化、办公用机械制造业
600072,房地产,土木工程建筑业
600073,工业,食品制造业
600074,工业,信息技术业
600075,工业,化学原料及化学制品制造业
600076,工业,木材加工及竹、藤、棕、草制品业
600077,房地产,房地产业
600078,工业,化学原料及化学制品制造业
600079,工业,医药制造业
600080,工业,医药制造业
600081,工业,交通运输设备制造业
600082,房地产,房地产业
600083,商业,批发和零售贸易
600084,工业,饮料制造业
600085,工业,医药制造业
600086,工业,其他制造业
600087,公用事业,水上运输业
600088,公用事业,广播电影电视业
600089,工业,电器机械及器材制造业
600090,商业,批发和零售贸易
600091,工业,化学原料及化学制品制造业
600092,工业,有色金属冶炼及压延加工业
600093,公用事业,其他社会服务业
600094,房地产,房地产业
600095,工业,食品加工业
600096,工业,化学原料及化学制品制造业
600097,综合,渔业
600098,工业,电力、蒸汽、热水的生产和供应业
600099,工业,交通运输设备制造业
600100,工业,信息技术业
600101,工业,电力、蒸汽、热水的生产和供应业
600102,工业,黑色金属冶炼及压延加工业
600103,工业,造纸及纸制品业
600104,工业,交通运输设备制造业
600105,工业,电器机械及器材制造业
600106,公用事业,公路运输业
600107,工业,服装及其他纤维制品制造业
600108,综合,农业
600109,金融,证券、期货业
600110,工业,有色金属冶炼及压延加工业
600111,工业,有色金属冶炼及压延加工业
600112,工业,电器机械及器材制造业
600113,公用事业,其他社会服务业
600114,工业,金属制品业
600115,公用事业,航空运输业
600116,工业,电力、蒸汽、热水的生产和供应业
600117,工业,黑色金属冶炼及压延加工业
600118,工业,信息技术业
600119,公用事业,公路运输业
600120,金融,其他金融业
600121,工业,煤炭采选业
600122,商业,零售业
600123,工业,煤炭采选业
600125,公用事业,铁路运输业
600126,工业,黑色金属冶炼及压延加工业
600127,工业,食品加工业
600128,商业,批发和零售贸易
600129,工业,医药制造业
600130,工业,信息技术业
600131,工业,电力、蒸汽、热水的生产和供应业
600132,工业,饮料制造业
600133,房地产,土木工程建筑业
600135,工业,化学原料及化学制品制造业
600136,公用事业,广播电影电视业
600137,工业,服装及其他纤维制品制造业
600138,公用事业,其他社会服务业
600139,金融,银行业
600141,工业,化学原料及化学制品制造业
600143,工业,石油、化学、塑胶、塑料
600145,工业,非金属矿物制品业
600146,工业,服装及其他纤维制品制造业
600148,工业,交通运输设备制造业
600149,工业,电力、蒸汽、热水的生产和供应业
600150,工业,交通运输设备制造业
600151,工业,信息技术业
600152,工业,电器机械及器材制造业
600153,商业,批发和零售贸易
600155,金融,证券、期货业
600156,工业,纺织业
600157,工业,电力、蒸汽、热水的生产和供应业
600158,房地产,房地产业
600159,房地产,房地产业
600160,工业,化学原料及化学制品制造业
600161,工业,医药制造业
600162,房地产,房地产业
600163,工业,电力、蒸汽、热水的生产和供应业
600165,工业,化学原料及化学制品制造业
600166,工业,交通运输设备制造业
600167,工业,电力、蒸汽、热水的生产和供应业
600168,公用事业,自来水的生产和供应业
600169,工业,专用设备制造业
600170,房地产,土木工程建筑业
600171,工业,信息技术业
600172,工业,非金属矿物制品业
600173,房地产,房地产业
600175,综合,综合类
600176,工业,非金属矿物制品业
600177,工业,服装及其他纤维制品制造业
600178,工业,交通运输设备制造业
600179,公用事业,交通运输辅助业
600180,商业,批发和零售贸易
600181,工业,化学原料及化学制品制造业
600182,工业,石油、化学、塑胶、塑料
600183,工业,信息技术业
600184,工业,专用设备制造业
600185,房地产,房地产业
600186,工业,食品制造业
600187,公用事业,自来水的生产和供应业
600188,工业,煤炭采选业
600189,工业,饮料制造业
600190,公用事业,水上运输业
600191,工业,食品加工业
600192,工业,电器机械及器材制造业
600193,综合,装修装饰业
600195,工业,医药制造业
600196,工业,医药制造业
600197,工业,饮料制造业
600198,工业,信息技术业
600199,工业,饮料制造业
600200,综合,综合类
600201,工业,医药制造业
600202,工业,电器机械及器材制造业
600203,工业,信息技术业
600205,工业,有色金属冶炼及压延加工业
600206,工业,有色金属冶炼及压延加工业
600207,工业,煤气生产和供应业
600208,房地产,房地产业
600209,综合,装修装饰业
600210,工业,石油、化学、塑胶、塑料
600211,工业,医药制造业
600212,综合,综合类
600213,工业,交通运输设备制造业
600215,房地产,房地产业
600216,工业,医药制造业
600217,工业,有色金属矿采选业
600218,工业,普通机械制造业
600219,工业,有色金属冶炼及压延加工业
600220,工业,纺织业
600221,公用事业,航空运输业
600222,工业,医药制造业
600223,房地产,房地产业
600225,房地产,房地产业
600226,公用事业,计算机应用服务业
600227,工业,医药制造业
600228,工业,化学原料及化学制品制造业
600229,公用事业,出版业
600230,工业,化学原料及化学制品制造业
600231,工业,黑色金属冶炼及压延加工业
600232,工业,纺织业
600233,公用事业,邮政服务业
600234,工业,信息技术业
600235,工业,造纸及纸制品业
600236,工业,电力、蒸汽、热水的生产和供应业
600237,工业,信息技术业
600238,工业,饮料制造业
600239,房地产,房地产业
600240,房地产,房地产业
600241,商业,批发和零售贸易
600242,公用事业,计算机应用服务业
600243,工业,普通机械制造业
600246,房地产,房地产业
600247,商业,批发和零售贸易
600248,房地产,土木工程建筑业
600249,工业,化学原料及化学制品制造业
600250,商业,批发和零售贸易
600251,工业,食品加工业
600252,工业,医药制造业
600253,工业,医药制造业
600255,工业,有色金属冶炼及压延加工业
600256,工业,石油和天然气开采业
600257,综合,渔业
600258,商业,旅馆业
600259,工业,有色金属矿采选业
600260,工业,信息技术业
600261,工业,电器机械及器材制造业
600262,工业,专用设备制造业
600263,房地产,土木工程建筑业
600265,综合,林业
600266,房地产,房地产业
600267,工业,医药制造业
600268,工业,电器机械及器材制造业
600269,公用事业,公路运输业
600270,公用事业,交通运输辅助业
600271,工业,信息技术业
600272,商业,零售业
600273,工业,化学原料及化学制品制造业
600275,工业,食品加工业
600276,工业,医药制造业
600277,工业,化学原料及化学制品制造业
600278,商业,批发和零售贸易
600279,公用事业,水上运输业
600280,商业,零售业
600281,工业,石油加工及炼焦业
600282,工业,黑色金属冶炼及压延加工业
600283,公用事业,自来水的生产和供应业
600284,房地产,土木工程建筑业
600285,工业,医药制造业
600286,工业,非金属矿物制品业
600287,商业,批发和零售贸易
600288,工业,信息技术业
600289,公用事业,计算机应用服务业
600290,工业,电器机械及器材制造业
600291,金融,保险业
600292,公用事业,其他社会服务业
600293,商业,零售业
600295,工业,黑色金属冶炼及压延加工业
600296,工业,有色金属冶炼及压延加工业
600297,商业,零售业
600298,工业,食品制造业
600299,工业,医药制造业
600300,工业,饮料制造业
600301,工业,化学原料及化学制品制造业
600302,工业,专用设备制造业
600303,工业,交通运输设备制造业
600305,工业,食品制造业
600306,商业,零售业
600307,工业,黑色金属冶炼及压延加工业
600308,工业,造纸及纸制品业
600309,工业,化学原料及化学制品制造业
600310,工业,电力、蒸汽、热水的生产和供应业
600311,工业,有色金属矿采选业
600312,工业,电器机械及器材制造业
600313,综合,农业
600315,工业,化学原料及化学制品制造业
600316,工业,交通运输设备制造业
600317,公用事业,水上运输业
600318,金融,其他金融业
600319,工业,化学原料及化学制品制造业
600320,工业,专用设备制造业
600321,工业,木材加工及竹、藤、棕、草制品业
600322,房地产,房地产业
600323,公用事业,其他社会服务业
600325,房地产,房地产业
600326,工业,非金属矿物制品业
600327,商业,零售业
600328,工业,化学原料及化学制品制造业
600329,工业,医药制造业
600330,工业,信息技术业
600331,工业,有色金属冶炼及压延加工业
600332,工业,医药制造业
600333,工业,煤气生产和供应业
600335,商业,批发和零售贸易
600336,工业,电器机械及器材制造业
600337,商业,零售业
600338,工业,有色金属矿采选业
600339,工业,采掘服务业
600340,房地产,房地产业
600343,工业,专用设备制造业
600345,工业,信息技术业
600346,工业,化学纤维制造业
600348,工业,煤炭采选业
600350,公用事业,公路运输业
600351,工业,医药制造业
600352,工业,化学原料及化学制品制造业
600353,工业,信息技术业
600354,综合,农业
600355,工业,信息技术业
600356,工业,造纸及纸制品业
600357,工业,黑色金属冶炼及压延加工业
600358,公用事业,计算机应用服务业
600359,综合,农业
600360,工业,信息技术业
600361,商业,零售业
600362,工业,有色金属冶炼及压延加工业
600363,工业,信息技术业
600365,工业,饮料制造业
600366,工业,非金属矿物制品业
600367,工业,化学原料及化学制品制造业
600368,公用事业,公路运输业
600369,金融,证券、期货业
600370,工业,纺织业
600371,综合,农业
600372,工业,交通运输设备制造业
600373,公用事业,出版业
600375,工业,交通运输设备制造业
600376,房地产,房地产业
600377,公用事业,公路运输业
600378,工业,化学原料及化学制品制造业
600379,工业,电器机械及器材制造业
600380,工业,医药制造业
600381,工业,食品制造业
600382,商业,批发和零售贸易
600383,房地产,房地产业
600385,工业,医药制造业
600386,商业,零售业
600387,商业,批发和零售贸易
600388,工业,专用设备制造业
600389,工业,化学原料及化学制品制造业
600390,金融,其他金融业
600391,工业,交通运输设备制造业
600392,工业,有色金属冶炼及压延加工业
600393,房地产,房地产业
600395,工业,煤炭采选业
600396,工业,电力、蒸汽、热水的生产和供应业
600397,工业,煤炭采选业
600398,工业,服装及其他纤维制品制造业
600399,工业,黑色金属冶炼及压延加工业
600400,工业,服装及其他纤维制品制造业
600401,工业,信息技术业
600403,工业,煤炭采选业
600405,工业,信息技术业
600406,公用事业,计算机应用服务业
600408,工业,黑色金属冶炼及压延加工业
600409,工业,化学原料及化学制品制造业
600410,公用事业,计算机应用服务业
600415,公用事业,其他社会服务业
600416,工业,普通机械制造业
600418,工业,交通运输设备制造业
600419,工业,食品制造业
600420,工业,医药制造业
600421,工业,普通机械制造业
600422,工业,医药制造业
600423,工业,化学原料及化学制品制造业
600425,工业,非金属矿物制品业
600426,工业,化学原料及化学制品制造业
600428,公用事业,水上运输业
600429,工业,食品制造业
600432,工业,有色金属冶炼及压延加工业
600433,工业,造纸及纸制品业
600435,工业,信息技术业
600436,工业,医药制造业
600438,工业,食品加工业
600439,工业,皮革、毛皮、羽绒及制品制造业
600444,工业,普通机械制造业
600446,公用事业,计算机应用服务业
600448,工业,纺织业
600449,工业,非金属矿物制品业
600452,工业,电力、蒸汽、热水的生产和供应业
600455,综合,综合类
600456,工业,有色金属冶炼及压延加工业
600458,工业,石油、化学、塑胶、塑料
600459,工业,有色金属冶炼及压延加工业
600460,工业,信息技术业
600461,公用事业,自来水的生产和供应业
600462,公用事业,其他社会服务业
600463,房地产,土木工程建筑业
600466,房地产,房地产业
600467,综合,渔业
600468,工业,电器机械及器材制造业
600469,工业,石油、化学、塑胶、塑料
600470,工业,化学原料及化学制品制造业
600472,工业,有色金属矿采选业
600475,工业,普通机械制造业
600476,公用事业,计算机应用服务业
600477,工业,金属制品业
600478,工业,电器机械及器材制造业
600479,工业,医药制造业
600480,工业,交通运输设备制造业
600481,工业,电器机械及器材制造业
600482,工业,交通运输设备制造业
600483,工业,电力、蒸汽、热水的生产和供应业
600485,工业,信息技术业
600486,工业,化学原料及化学制品制造业
600487,工业,电器机械及器材制造业
600488,工业,医药制造业
600489,工业,有色金属矿采选业
600490,工业,有色金属冶炼及压延加工业
600491,房地产,土木工程建筑业
600493,工业,纺织业
600495,工业,交通运输设备制造业
600496,工业,金属制品业
600497,工业,有色金属矿采选业
600498,工业,信息技术业
600499,工业,专用设备制造业
600500,工业,化学原料及化学制品制造业
600501,工业,交通运输设备制造业
600502,房地产,土木工程建筑业
600503,房地产,房地产业
600505,工业,电力、蒸汽、热水的生产和供应业
600506,综合,农业
600507,工业,黑色金属冶炼及压延加工业
600508,工业,煤炭采选业
600509,工业,电力、蒸汽、热水的生产和供应业
600510,房地产,房地产业
600511,商业,批发和零售贸易
600512,房地产,土木工程建筑业
600513,工业,医药制造业
600515,房地产,房地产业
600516,工业,非金属矿物制品业
600517,工业,电器机械及器材制造业
600518,工业,医药制造业
600519,工业,饮料制造业
600520,工业,电器机械及器材制造业
600521,工业,医药制造业
600522,工业,电器机械及器材制造业
600523,工业,交通运输设备制造业
600525,工业,信息技术业
600526,工业,专用设备制造业
600527,工业,化学纤维制造业
600528,工业,专用设备制造业
600529,工业,非金属矿物制品业
600530,工业,医药制造业
600531,工业,有色金属冶炼及压延加工业
600532,工业,黑色金属矿采选业
600533,房地产,房地产业
600535,工业,医药制造业
600536,公用事业,计算机应用服务业
600537,工业,电器机械及器材制造业
600538,商业,批发和零售贸易
600539,工业,非金属矿物制品业
600540,综合,农业
600543,工业,饮料制造业
600545,工业,专用设备制造业
600546,商业,批发和零售贸易
600547,工业,有色金属矿采选业
600548,公用事业,公路运输业
600549,工业,有色金属冶炼及压延加工业
600550,工业,电器机械及器材制造业
600551,公用事业,出版业
600552,工业,信息技术业
600553,工业,非金属矿物制品业
600555,房地产,房地产业
600556,公用事业,计算机应用服务业
600557,工业,医药制造业
600558,工业,金属制品业
600559,工业,饮料制造业
600560,工业,专用设备制造业
600561,公用事业,公路运输业
600562,工业,信息技术业
600563,工业,信息技术业
600565,房地产,房地产业
600566,工业,医药制造业
600567,工业,造纸及纸制品业
600568,工业,医药制造业
600569,工业,黑色金属冶炼及压延加工业
600570,公用事业,计算机应用服务业
600571,公用事业,计算机应用服务业
600572,工业,医药制造业
600573,工业,饮料制造业
600575,公用事业,水上运输业
600576,公用事业,艺术业
600577,工业,电器机械及器材制造业
600578,工业,电力、蒸汽、热水的生产和供应业
600579,工业,专用设备制造业
600580,工业,电器机械及器材制造业
600581,工业,黑色金属冶炼及压延加工业
600582,工业,专用设备制造业
600583,工业,采掘服务业
600584,工业,信息技术业
600585,工业,非金属矿物制品业
600586,工业,非金属矿物制品业
600587,工业,专用设备制造业
600588,公用事业,计算机应用服务业
600589,工业,化学原料及化学制品制造业
600590,工业,电器机械及器材制造业
600591,公用事业,航空运输业
600592,工业,普通机械制造业
600593,公用事业,公共设施服务业
600594,工业,医药制造业
600595,工业,有色金属冶炼及压延加工业
600596,工业,化学原料及化学制品制造业
600597,工业,食品制造业
600598,综合,农业
600599,金融,其他金融业
600600,工业,饮料制造业
600601,工业,信息技术业
600602,公用事业,计算机应用服务业
600603,综合,综合类
600604,房地产,房地产业
600605,商业,批发和零售贸易
600606,房地产,房地产业
600607,综合,综合类
600608,工业,黑色金属冶炼及压延加工业
600609,工业,交通运输设备制造业
600610,工业,化学原料及化学制品制造业
600611,公用事业,公路运输业
600612,工业,其他制造业
600613,工业,医药制造业
600614,工业,有色金属矿采选业
600615,工业,金属制品业
600616,工业,饮料制造业
600617,工业,煤气生产和供应业
600618,工业,化学原料及化学制品制造业
600619,工业,普通机械制造业
600620,综合,综合类
600621,金融,证券、期货业
600622,房地产,房地产业
600623,工业,化学原料及化学制品制造业
600624,综合,综合类
600625,工业,电器机械及器材制造业
600626,商业,批发和零售贸易
600627,工业,电器机械及器材制造业
600628,商业,零售业
600629,公用事业,专业、科研服务业
600630,工业,纺织业
600631,商业,零售业
600632,商业,零售业
600633,公用事业,计算机应用服务业
600634,公用事业,计算机应用服务业
600635,工业,煤气生产和供应业
600636,工业,化学原料及化学制品制造业
600637,公用事业,通信服务业
600638,房地产,房地产业
600639,房地产,房地产业
600640,公用事业,计算机应用服务业
600641,房地产,房地产业
600642,工业,煤气生产和供应业
600643,金融,其他金融业
600644,工业,电力、蒸汽、热水的生产和供应业
600645,公用事业,专业、科研服务业
600646,公用事业,计算机应用服务业
600647,商业,批发和零售贸易
600648,商业,批发和零售贸易
600649,房地产,房地产业
600650,公用事业,公路运输业
600651,工业,电器机械及器材制造业
600652,公用事业,计算机应用服务业
600653,商业,零售业
600654,公用事业,计算机应用服务业
600655,商业,零售业
600656,商业,零售业
600657,房地产,房地产业
600658,房地产,房地产业
600659,综合,综合类
600660,工业,非金属矿物制品业
600661,公用事业,其他社会服务业
600662,公用事业,公路运输业
600663,房地产,房地产业
600664,工业,医药制造业
600665,房地产,房地产业
600666,工业,信息技术业
600667,工业,信息技术业
600668,工业,非金属矿物制品业
600669,工业,化学纤维制造业
600670,综合,综合类
600671,工业,医药制造业
600672,综合,农业
600673,综合,综合类
600674,工业,电力、蒸汽、热水的生产和供应业
600675,房地产,房地产业
600676,公用事业,公路运输业
600677,商业,批发和零售贸易
600678,工业,非金属矿物制品业
600679,工业,交通运输设备制造业
600680,工业,信息技术业
600681,工业,煤气生产和供应业
600682,商业,零售业
600683,房地产,房地产业
600684,房地产,房地产业
600685,工业,交通运输设备制造业
600686,工业,交通运输设备制造业
600687,工业,其他制造业
600688,工业,石油加工及炼焦业
600689,工业,纺织业
600690,工业,电器机械及器材制造业
600691,工业,化学原料及化学制品制造业
600692,房地产,房地产业
600693,商业,零售业
600694,商业,零售业
600695,金融,证券、期货业
600696,房地产,房地产业
600697,商业,零售业
600698,工业,交通运输设备制造业
600699,工业,交通运输设备制造业
600700,综合,综合类
600701,公用事业,计算机应用服务业
600702,工业,饮料制造业
600703,工业,信息技术业
600704,商业,批发和零售贸易
600705,金融,其他金融业
600706,公用事业,公共设施服务业
600707,工业,信息技术业
600708,房地产,房地产业
600709,综合,农业
600710,商业,批发和零售贸易
600711,工业,有色金属矿采选业
600712,商业,零售业
600713,商业,零售业
600714,工业,化学原料及化学制品制造业
600715,公用事业,广播电影电视业
600716,房地产,房地产业
600717,公用事业,水上运输业
600718,公用事业,计算机应用服务业
600719,工业,电力、蒸汽、热水的生产和供应业
600720,工业,非金属矿物制品业
600721,公用事业,专业、科研服务业
600722,工业,化学原料及化学制品制造业
600723,商业,零售业
600724,工业,非金属矿物制品业
600725,工业,石油加工及炼焦业
600726,工业,电力、蒸汽、热水的生产和供应业
600727,工业,化学原料及化学制品制造业
600728,公用事业,计算机应用服务业
600729,商业,零售业
600730,公用事业,其他社会服务业
600731,工业,化学原料及化学制品制造业
600732,工业,电器机械及器材制造业
600733,工业,交通运输设备制造业
600734,工业,信息技术业
600735,工业,皮革、毛皮、羽绒及制品制造业
600736,房地产,房地产业
600737,工业,食品加工业
600738,商业,零售业
600739,商业,批发和零售贸易
600740,工业,石油加工及炼焦业
600741,工业,交通运输设备制造业
600742,工业,交通运输设备制造业
600743,房地产,房地产业
600744,工业,电力、蒸汽、热水的生产和供应业
600745,工业,信息技术业
600746,工业,化学原料及化学制品制造业
600747,商业,批发和零售贸易
600748,房地产,房地产业
600749,公用事业,公共设施服务业
600750,工业,医药制造业
600751,商业,批发和零售贸易
600752,工业,医药制造业
600753,商业,批发和零售贸易
600754,商业,旅馆业
600755,商业,批发和零售贸易
600756,公用事业,计算机应用服务业
600757,公用事业,出版业
600758,工业,煤炭采选业
600759,工业,石油和天然气开采业
600760,工业,交通运输设备制造业
600761,工业,专用设备制造业
600762,综合,农业
600763,公用事业,卫生、保健、护理服务业
600764,工业,信息技术业
600765,工业,交通运输设备制造业
600766,工业,有色金属矿采选业
600767,公用事业,计算机应用服务业
600768,工业,有色金属冶炼及压延加工业
600769,房地产,土木工程建筑业
600770,综合,综合类
600771,工业,医药制造业
600772,工业,化学原料及化学制品制造业
600773,房地产,房地产业
600774,商业,零售业
600775,工业,信息技术业
600776,工业,信息技术业
600777,工业,石油和天然气开采业
600778,商业,零售业
600779,工业,饮料制造业
600780,工业,电力、蒸汽、热水的生产和供应业
600781,工业,医药制造业
600782,工业,黑色金属冶炼及压延加工业
600783,金融,证券、期货业
600784,综合,综合类
600785,商业,零售业
600786,工业,普通机械制造业
600787,公用事业,仓储业
600788,工业,其他制造业
600789,工业,医药制造业
600790,公用事业,其他社会服务业
600791,房地产,房地产业
600792,工业,石油加工及炼焦业
600793,工业,造纸及纸制品业
600794,公用事业,仓储业
600795,工业,电力、蒸汽、热水的生产和供应业
600796,工业,化学原料及化学制品制造业
600797,公用事业,计算机应用服务业
600798,公用事业,水上运输业
600799,公用事业,计算机应用服务业
600800,工业,化学原料及化学制品制造业
600801,工业,非金属矿物制品业
600802,工业,非金属矿物制品业
600803,工业,化学原料及化学制品制造业
600804,公用事业,计算机应用服务业
600805,综合,综合类
600806,工业,普通机械制造业
600807,房地产,房地产业
600808,工业,黑色金属冶炼及压延加工业
600809,工业,饮料制造业
600810,工业,化学纤维制造业
600811,工业,食品加工业
600812,工业,医药制造业
600813,工业,专用设备制造业
600814,商业,零售业
600815,工业,专用设备制造业
600816,金融,其他金融业
600817,房地产,房地产业
600818,工业,交通运输设备制造业
600819,工业,非金属矿物制品业
600820,房地产,土木工程建筑业
600821,商业,零售业
600822,商业,批发和零售贸易
600823,房地产,房地产业
600824,商业,零售业
600825,公用事业,出版业
600826,商业,批发和零售贸易
600827,商业,零售业
600828,商业,零售业
600829,商业,批发和零售贸易
600830,公用事业,租赁服务业
600831,公用事业,通信服务业
600832,公用事业,公共设施服务业
600833,商业,零售业
600834,公用事业,公路运输业
600835,工业,普通机械制造业
600836,工业,印刷业
600837,金融,证券、期货业
600838,商业,零售业
600839,工业,信息技术业
600840,房地产,房地产开发与经营业
600841,工业,普通机械制造业
600842,工业,医药制造业
600843,工业,专用设备制造业
600844,工业,化学原料及化学制品制造业
600845,公用事业,计算机应用服务业
600846,房地产,土木工程建筑业
600847,工业,电器机械及器材制造业
600848,房地产,房地产业
600849,商业,零售业
600850,公用事业,计算机应用服务业
600851,工业,医药制造业
600852,房地产,土木工程建筑业
600853,房地产,土木工程建筑业
600854,工业,电器机械及器材制造业
600855,工业,专用设备制造业
600856,工业,煤气生产和供应业
600857,商业,零售业
600858,商业,零售业
600859,商业,零售业
600860,工业,专用设备制造业
600861,商业,零售业
600862,工业,交通运输设备制造业
600863,工业,电力、蒸汽、热水的生产和供应业
600864,金融,证券、期货业
600865,商业,零售业
600866,工业,食品制造业
600867,工业,医药制造业
600868,工业,电力、蒸汽、热水的生产和供应业
600869,工业,电器机械及器材制造业
600870,工业,信息技术业
600871,工业,采掘服务业
600872,工业,食品制造业
600873,工业,食品制造业
600874,公用事业,自来水的生产和供应业
600875,工业,普通机械制造业
600876,工业,非金属矿物制品业
600877,工业,电器机械及器材制造业
600878,综合,综合类
600879,工业,专用设备制造业
600880,公用事业,出版业
600881,工业,非金属矿物制品业
600882,工业,食品制造业
600883,工业,非金属矿物制品业
600884,工业,电器机械及器材制造业
600885,工业,电器机械及器材制造业
600886,工业,电力、蒸汽、热水的生产和供应业
600887,工业,食品制造业
600888,工业,信息技术业
600889,工业,化学纤维制造业
600890,房地产,房地产业
600891,工业,其他制造业
600892,公用事业,计算机应用服务业
600893,工业,交通运输设备制造业
600894,工业,普通机械制造业
600895,房地产,房地产业
600896,公用事业,卫生、保健、护理服务业
600897,公用事业,航空运输业
600898,工业,信息技术业
600899,公用事业,信息传播服务业
600900,工业,电力、蒸汽、热水的生产和供应业
600901,金融,银行业
600903,工业,煤气生产和供应业
600908,金融,银行业
600909,金融,证券、期货业
600917,工业,煤气生产和供应业
600918,金融,证券、期货业
600919,金融,银行业
600926,金融,银行业
600928,金融,银行业
600929,工业,食品制造业
600933,工业,交通运输设备制造业
600936,公用事业,通信服务业
600939,房地产,土木工程建筑业
600956,工业,电力、蒸汽、热水的生产和供应业
600958,金融,证券、期货业
600959,公用事业,通信服务业
600960,工业,交通运输设备制造业
600961,工业,有色金属冶炼及压延加工业
600962,工业,饮料制造业
600963,工业,造纸及纸制品业
600965,综合,畜牧业
600966,工业,造纸及纸制品业
600967,工业,交通运输设备制造业
600968,工业,采掘服务业
600969,工业,电力、蒸汽、热水的生产和供应业
600970,房地产,土木工程建筑业
600971,工业,煤炭采选业
600973,工业,电器机械及器材制造业
600975,综合,畜牧业
600976,商业,零售业
600977,公用事业,广播电影电视业
600978,工业,家具制造业
600979,工业,电力、蒸汽、热水的生产和供应业
600980,工业,信息技术业
600981,商业,批发和零售贸易
600982,工业,电力、蒸汽、热水的生产和供应业
600983,工业,电器机械及器材制造业
600984,工业,专用设备制造业
600985,工业,煤炭采选业
600986,公用事业,计算机应用服务业
600987,工业,纺织业
600988,工业,有色金属矿采选业
600989,工业,化学原料及化学制品制造业
600990,工业,信息技术业
600991,工业,交通运输设备制造业
600992,工业,金属制品业
600993,商业,批发和零售贸易
600995,工业,电力、蒸汽、热水的生产和供应业
600996,公用事业,通信服务业
600997,工业,石油加工及炼焦业
600998,商业,批发和零售贸易
600999,金融,证券、期货业
601000,公用事业,水上运输业
601001,工业,煤炭采选业
601002,工业,普通机械制造业
601003,工业,黑色金属冶炼及压延加工业
601005,工业,黑色金属冶炼及压延加工业
601006,公用事业,铁路运输业
601007,商业,旅馆业
601008,公用事业,水上运输业
601009,金融,银行业
601010,商业,零售业
601011,工业,石油加工及炼焦业
601012,工业,非金属矿物制品业
601015,工业,石油加工及炼焦业
601016,工业,电力、蒸汽、热水的生产和供应业
601018,公用事业,水上运输业
601019,公用事业,出版业
601020,工业,有色金属矿采选业
601021,公用事业,航空运输业
601028,工业,金属制品业
601038,工业,专用设备制造业
601058,工业,石油、化学、塑胶、塑料
601066,金融,证券、期货业
601068,房地产,土木工程建筑业
601069,工业,有色金属矿采选业
601077,金融,银行业
601086,商业,零售业
601088,工业,煤炭采选业
601098,公用事业,出版业
601099,金融,证券、期货业
601100,工业,专用设备制造业
601101,工业,煤炭采选业
601106,工业,专用设备制造业
601107,公用事业,公路运输业
601108,金融,证券、期货业
601111,公用事业,航空运输业
601113,工业,化学纤维制造业
601116,商业,零售业
601117,房地产,土木工程建筑业
601118,综合,农业
601126,工业,电器机械及器材制造业
601127,工业,交通运输设备制造业
601128,金融,银行业
601137,工业,有色金属冶炼及压延加工业
601138,工业,信息技术业
601139,工业,煤气生产和供应业
601155,房地产,房地产业
601158,公用事业,自来水的生产和供应业
601162,金融,证券、期货业
601163,工业,石油、化学、塑胶、塑料
601166,金融,银行业
601168,工业,有色金属矿采选业
601169,金融,银行业
601177,工业,普通机械制造业
601179,工业,电器机械及器材制造业
601186,房地产,土木工程建筑业
601188,公用事业,公路运输业
601198,金融,证券、期货业
601199,公用事业,自来水的生产和供应业
601200,公用事业,其他社会服务业
601208,工业,化学原料及化学制品制造业
601211,金融,证券、期货业
601212,工业,有色金属冶炼及压延加工业
601216,工业,化学原料及化学制品制造业
601218,工业,专用设备制造业
601222,工业,仪器仪表及文化、办公用机械制造业
601225,工业,煤炭采选业
601226,公用事业,专业、科研服务业
601228,公用事业,水上运输业
601229,金融,银行业
601231,工业,信息技术业
601233,工业,化学纤维制造业
601236,金融,证券、期货业
601238,工业,交通运输设备制造业
601258,商业,零售业
601268,工业,专用设备制造业
601288,金融,银行业
601298,公用事业,水上运输业
601299,工业,交通运输设备制造业
601311,工业,电器机械及器材制造业
601313,工业,普通机械制造业
601318,金融,保险业
601319,金融,保险业
601326,公用事业,水上运输业
601328,金融,银行业
601330,公用事业,其他社会服务业
601333,公用事业,铁路运输业
601336,金融,保险业
601339,工业,纺织业
601360,公用事业,计算机应用服务业
601366,商业,零售业
601368,公用事业,自来水的生产和供应业
601369,工业,电器机械及器材制造业
601375,金融,证券、期货业
601377,金融,证券、期货业
601388,工业,有色金属冶炼及压延加工业
601390,房地产,土木工程建筑业
601398,金融,银行业
601399,房地产,土木工程建筑业
601500,工业,石油、化学、塑胶、塑料
601512,房地产,房地产业
601515,工业,印刷业
601518,公用事业,公路运输业
601519,金融,其他金融业
601555,金融,证券、期货业
601558,工业,普通机械制造业
601566,工业,服装及其他纤维制品制造业
601567,工业,仪器仪表及文化、办公用机械制造业
601577,金融,银行业
601579,工业,饮料制造业
601588,房地产,房地产业
601595,公用事业,广播电影电视业
601598,公用事业,交通运输辅助业
601599,工业,纺织业
601600,工业,有色金属冶炼及压延加工业
601601,金融,保险业
601606,工业,其他制造业
601607,商业,零售业
601608,工业,专用设备制造业
601609,工业,有色金属冶炼及压延加工业
601611,房地产,土木工程建筑业
601615,工业,普通机械制造业
601616,工业,电器机械及器材制造业
601618,房地产,土木工程建筑业
601619,工业,电力、蒸汽、热水的生产和供应业
601628,金融,保险业
601633,工业,交通运输设备制造业
601636,工业,非金属矿物制品业
601658,金融,银行业
601666,工业,煤炭采选业
601668,房地产,土木工程建筑业
601669,房地产,土木工程建筑业
601677,工业,有色金属冶炼及压延加工业
601678,工业,化学原料及化学制品制造业
601688,金融,证券、期货业
601689,工业,交通运输设备制造业
601696,金融,证券、期货业
601698,公用事业,通信服务业
601699,工业,煤炭采选业
601700,工业,金属制品业
601717,工业,交通运输设备制造业
601718,工业,服装及其他纤维制品制造业
601727,工业,普通机械制造业
601766,工业,交通运输设备制造业
601777,工业,交通运输设备制造业
601778,工业,电力、蒸汽、热水的生产和供应业
601788,金融,证券、期货业
601789,房地产,土木工程建筑业
601798,工业,专用设备制造业
601799,工业,交通运输设备制造业
601800,房地产,土木工程建筑业
601801,公用事业,出版业
601808,工业,采掘服务业
601811,公用事业,出版业
601816,公用事业,铁路运输业
601818,金融,银行业
601827,公用事业,其他社会服务业
601828,公用事业,其他社会服务业
601838,金融,银行业
601857,工业,石油和天然气开采业
601858,公用事业,出版业
601860,金融,银行业
601865,工业,非金属矿物制品业
601866,公用事业,水上运输业
601869,工业,信息技术业
601872,公用事业,水上运输业
601877,工业,电器机械及器材制造业
601878,金融,证券、期货业
601880,公用事业,水上运输业
601881,金融,证券、期货业
601882,工业,普通机械制造业
601886,综合,装修装饰业
601888,公用事业,其他社会服务业
601890,工业,交通运输设备制造业
601898,工业,煤炭采选业
601899,工业,有色金属矿采选业
601900,公用事业,出版业
601901,金融,证券、期货业
601908,工业,专用设备制造业
601916,金融,银行业
601918,工业,煤炭采选业
601919,公用事业,水上运输业
601928,公用事业,出版业
601929,公用事业,通信服务业
601933,商业,零售业
601939,金融,银行业
601949,公用事业,出版业
601952,工业,食品加工业
601958,工业,有色金属矿采选业
601965,公用事业,专业、科研服务业
601966,工业,石油、化学、塑胶、塑料
601968,工业,金属制品业
601969,工业,黑色金属矿采选业
601975,公用事业,水上运输业
601985,工业,电力、蒸汽、热水的生产和供应业
601988,金融,银行业
601989,工业,交通运输设备制造业
601990,金融,证券、期货业
601991,工业,电力、蒸汽、热水的生产和供应业
601992,工业,非金属矿物制品业
601996,工业,木材加工及竹、藤、棕、草制品业
601997,金融,银行业
601998,金融,银行业
601999,公用事业,出版业
603000,公用事业,计算机应用服务业
603001,工业,皮革、毛皮、羽绒及制品制造业
603002,工业,化学原料及化学制品制造业
603003,商业,批发和零售贸易
603005,工业,信息技术业
603006,工业,交通运输设备制造业
603007,房地产,土木工程建筑业
603008,工业,家具制造业
603009,工业,交通运输设备制造业
603010,工业,化学原料及化学制品制造业
603011,工业,普通机械制造业
603012,工业,专用设备制造业
603013,工业,交通运输设备制造业
603015,工业,电器机械及器材制造业
603016,工业,电器机械及器材制造业
603017,公用事业,专业、科研服务业
603018,公用事业,专业、科研服务业
603019,工业,信息技术业
603020,工业,食品制造业
603021,工业,非金属矿物制品业
603022,工业,造纸及纸制品业
603023,工业,信息技术业
603025,工业,信息技术业
603026,工业,化学原料及化学制品制造业
603027,工业,食品制造业
603028,工业,金属制品业
603029,工业,专用设备制造业
603030,综合,装修装饰业
603031,商业,零售业
603032,公用事业,公路运输业
603033,工业,石油、化学、塑胶、塑料
603035,工业,交通运输设备制造业
603036,工业,专用设备制造业
603037,工业,交通运输设备制造业
603038,工业,其他制造业
603039,公用事业,计算机应用服务业
603040,工业,金属制品业
603041,工业,化学原料及化学制品制造业
603042,工业,信息技术业
603043,工业,食品制造业
603045,工业,电器机械及器材制造业
603050,工业,电器机械及器材制造业
603053,工业,煤气生产和供应业
603055,工业,纺织业
603056,公用事业,邮政服务业
603058,工业,印刷业
603059,工业,其他制造业
603060,公用事业,专业、科研服务业
603063,工业,电器机械及器材制造业
603066,公用事业,仓储业
603067,工业,化学原料及化学制品制造业
603068,工业,信息技术业
603069,公用事业,公路运输业
603076,工业,专用设备制造业
603077,工业,化学原料及化学制品制造业
603078,工业,化学原料及化学制品制造业
603079,工业,食品制造业
603080,工业,煤气生产和供应业
603081,工业,专用设备制造业
603083,工业,信息技术业
603085,工业,专用设备制造业
603086,工业,化学原料及化学制品制造业
603087,工业,医药制造业
603088,工业,专用设备制造业
603089,工业,交通运输设备制造业
603090,工业,普通机械制造业
603093,金融,证券、期货业
603095,工业,专用设备制造业
603096,公用事业,出版业
603098,综合,装修装饰业
603099,公用事业,公共设施服务业
603100,工业,仪器仪表及文化、办公用机械制造业
603101,商业,零售业
603103,公用事业,广播电影电视业
603105,工业,电器机械及器材制造业
603106,工业,信息技术业
603108,商业,批发和零售贸易
603109,工业,普通机械制造业
603110,工业,化学原料及化学制品制造业
603111,工业,交通运输设备制造业
603113,工业,石油加工及炼焦业
603115,工业,信息技术业
603116,工业,皮革、毛皮、羽绒及制品制造业
603117,公用事业,其他社会服务业
603118,工业,信息技术业
603121,工业,交通运输设备制造业
603123,商业,零售业
603126,公用事业,专业、科研服务业
603127,公用事业,专业、科研服务业
603128,公用事业,交通运输辅助业
603129,工业,交通运输设备制造业
603131,工业,普通机械制造业
603133,工业,信息技术业
603136,公用事业,公共设施服务业
603138,公用事业,计算机应用服务业
603139,工业,医药制造业
603156,工业,饮料制造业
603157,工业,服装及其他纤维制品制造业
603158,工业,交通运输设备制造业
603159,工业,专用设备制造业
603160,工业,信息技术业
603161,工业,交通运输设备制造业
603165,工业,造纸及纸制品业
603166,工业,交通运输设备制造业
603167,公用事业,水上运输业
603168,工业,医药制造业
603169,工业,专用设备制造业
603177,公用事业,其他社会服务业
603178,工业,交通运输设备制造业
603179,工业,交通运输设备制造业
603180,工业,家具制造业
603181,工业,化学原料及化学制品制造业
603183,公用事业,专业、科研服务业
603185,工业,专用设备制造业
603186,工业,信息技术业
603187,工业,普通机械制造业
603188,工业,化学原料及化学制品制造业
603189,公用事业,计算机应用服务业
603192,工业,化学原料及化学制品制造业
603195,工业,电器机械及器材制造业
603196,工业,服装及其他纤维制品制造业
603197,工业,交通运输设备制造业
603198,工业,饮料制造业
603199,公用事业,公共设施服务业
603200,公用事业,其他社会服务业
603203,工业,专用设备制造业
603208,工业,家具制造业
603212,工业,石油、化学、塑胶、塑料
603214,商业,零售业
603217,工业,化学原料及化学制品制造业
603218,工业,普通机械制造业
603220,公用事业,计算机应用服务业
603221,工业,石油、化学、塑胶、塑料
603222,工业,医药制造业
603223,公用事业,公路运输业
603225,工业,化学纤维制造业
603226,工业,木材加工及竹、藤、棕、草制品业
603227,工业,化学原料及化学制品制造业
603228,工业,信息技术业
603229,工业,医药制造业
603232,公用事业,计算机应用服务业
603233,商业,零售业
603236,工业,信息技术业
603238,工业,纺织业
603239,工业,交通运输设备制造业
603256,工业,非金属矿物制品业
603258,公用事业,计算机应用服务业
603259,公用事业,专业、科研服务业
603260,工业,化学原料及化学制品制造业
603266,工业,石油、化学、塑胶、塑料
603267,工业,信息技术业
603268,工业,非金属矿物制品业
603269,工业,普通机械制造业
603277,工业,普通机械制造业
603278,工业,金属制品业
603279,工业,普通机械制造业
603283,工业,专用设备制造业
603286,工业,交通运输设备制造业
603288,工业,食品制造业
603289,工业,专用设备制造业
603290,工业,信息技术业
603297,工业,仪器仪表及文化、办公用机械制造业
603298,工业,普通机械制造业
603299,工业,食品制造业
603300,公用事业,租赁服务业
603301,工业,专用设备制造业
603303,工业,电器机械及器材制造业
603305,工业,有色金属冶炼及压延加工业
603306,工业,交通运输设备制造业
603308,工业,专用设备制造业
603309,工业,专用设备制造业
603311,工业,专用设备制造业
603313,工业,家具制造业
603315,工业,普通机械制造业
603316,房地产,土木工程建筑业
603317,工业,食品制造业
603318,工业,专用设备制造业
603319,工业,交通运输设备制造业
603320,工业,普通机械制造业
603321,工业,普通机械制造业
603322,公用事业,计算机应用服务业
603323,金融,银行业
603326,工业,家具制造业
603327,工业,信息技术业
603328,工业,信息技术业
603329,公用事业,交通运输辅助业
603330,工业,化学原料及化学制品制造业
603331,工业,电器机械及器材制造业
603332,工业,化学纤维制造业
603333,工业,电器机械及器材制造业
603335,工业,交通运输设备制造业
603336,工业,食品加工业
603337,工业,专用设备制造业
603338,工业,专用设备制造业
603339,工业,普通机械制造业
603345,工业,食品加工业
603348,工业,金属制品业
603351,工业,医药制造业
603353,商业,零售业
603355,工业,电器机械及器材制造业
603356,工业,普通机械制造业
603357,公用事业,专业、科研服务业
603358,工业,交通运输设备制造业
603359,公用事业,其他社会服务业
603360,工业,化学原料及化学制品制造业
603363,工业,食品加工业
603365,工业,纺织业
603366,工业,电器机械及器材制造业
603367,工业,医药制造业
603368,商业,批发和零售贸易
603369,工业,饮料制造业
603377,公用事业,其他社会服务业
603378,工业,化学原料及化学制品制造业
603379,工业,化学原料及化学制品制造业
603380,工业,信息技术业
603383,公用事业,计算机应用服务业
603385,工业,非金属矿物制品业
603386,工业,信息技术业
603387,工业,医药制造业
603388,房地产,土木工程建筑业
603389,工业,家具制造业
603390,工业,信息技术业
603392,工业,医药制造业
603393,工业,煤气生产和供应业
603396,工业,专用设备制造业
603398,工业,文教体育用品制造业
603399,工业,有色金属冶炼及压延加工业
603416,工业,仪器仪表及文化、办公用机械制造业
603421,公用事业,计算机应用服务业
603429,工业,印刷业
603439,工业,医药制造业
603444,公用事业,计算机应用服务业
603456,工业,医药制造业
603458,公用事业,专业、科研服务业
603466,公用事业,艺术业
603477,工业,皮革、毛皮、羽绒及制品制造业
603486,工业,电器机械及器材制造业
603488,工业,电器机械及器材制造业
603489,工业,电器机械及器材制造业
603496,工业,信息技术业
603499,工业,印刷业
603500,工业,交通运输设备制造业
603501,工业,信息技术业
603505,工业,非金属矿采选业
603506,房地产,房地产业
603507,工业,电器机械及器材制造业
603508,工业,交通运输设备制造业
603515,工业,电器机械及器材制造业
603516,工业,信息技术业
603517,工业,食品加工业
603518,工业,服装及其他纤维制品制造业
603519,工业,电器机械及器材制造业
603520,工业,医药制造业
603527,工业,有色金属冶炼及压延加工业
603528,工业,信息技术业
603530,工业,电器机械及器材制造业
603533,公用事业,计算机应用服务业
603535,公用事业,仓储业
603536,工业,食品加工业
603538,工业,医药制造业
603551,工业,电器机械及器材制造业
603555,工业,服装及其他纤维制品制造业
603556,工业,仪器仪表及文化、办公用机械制造业
603557,工业,皮革、毛皮、羽绒及制品制造业
603558,工业,纺织业
603559,公用事业,通信服务业
603566,工业,医药制造业
603567,工业,医药制造业
603568,公用事业,其他社会服务业
603569,公用事业,其他社会服务业
603577,工业,金属制品业
603578,工业,非金属矿物制品业
603579,工业,电器机械及器材制造业
603580,工业,石油、化学、塑胶、塑料
603583,工业,电器机械及器材制造业
603585,工业,化学原料及化学制品制造业
603586,工业,交通运输设备制造业
603587,工业,服装及其他纤维制品制造业
603588,公用事业,其他社会服务业
603589,工业,饮料制造业
603590,工业,医药制造业
603595,工业,信息技术业
603596,工业,交通运输设备制造业
603598,公用事业,其他社会服务业
603599,工业,化学原料及化学制品制造业
603600,工业,家具制造业
603601,工业,非金属矿物制品业
603602,公用事业,计算机应用服务业
603603,公用事业,其他社会服务业
603605,工业,化学原料及化学制品制造业
603606,工业,电器机械及器材制造业
603607,工业,造纸及纸制品业
603608,工业,皮革、毛皮、羽绒及制品制造业
603609,工业,食品加工业
603610,工业,家具制造业
603611,工业,普通机械制造业
603612,工业,非金属矿物制品业
603613,公用事业,计算机应用服务业
603615,工业,石油、化学、塑胶、塑料
603616,工业,非金属矿物制品业
603617,工业,普通机械制造业
603618,工业,电器机械及器材制造业
603619,工业,采掘服务业
603626,工业,金属制品业
603628,工业,其他制造业
603629,工业,金属制品业
603630,工业,化学原料及化学制品制造业
603633,工业,信息技术业
603636,公用事业,计算机应用服务业
603637,房地产,土木工程建筑业
603638,工业,专用设备制造业
603639,工业,化学原料及化学制品制造业
603648,公用事业,其他社会服务业
603650,工业,化学原料及化学制品制造业
603655,工业,石油、化学、塑胶、塑料
603656,工业,专用设备制造业
603657,工业,石油、化学、塑胶、塑料
603658,工业,医药制造业
603659,工业,电器机械及器材制造业
603660,工业,信息技术业
603661,工业,家具制造业
603662,工业,仪器仪表及文化、办公用机械制造业
603663,工业,非金属矿物制品业
603665,工业,纺织业
603666,工业,专用设备制造业
603667,工业,普通机械制造业
603668,工业,食品加工业
603669,工业,医药制造业
603676,工业,医药制造业
603677,工业,电器机械及器材制造业
603678,工业,信息技术业
603679,工业,电器机械及器材制造业
603680,工业,交通运输设备制造业
603681,工业,化学原料及化学制品制造业
603682,公用事业,其他社会服务业
603683,工业,化学原料及化学制品制造业
603685,工业,电器机械及器材制造业
603686,工业,专用设备制造业
603687,工业,造纸及纸制品业
603688,工业,非金属矿物制品业
603689,工业,煤气生产和供应业
603690,工业,专用设备制造业
603693,工业,电力、蒸汽、热水的生产和供应业
603696,工业,食品制造业
603697,工业,食品制造业
603698,公用事业,专业、科研服务业
603699,工业,普通机械制造业
603700,工业,仪器仪表及文化、办公用机械制造业
603701,工业,电器机械及器材制造业
603703,工业,电器机械及器材制造业
603706,工业,煤气生产和供应业
603707,工业,医药制造业
603708,商业,零售业
603709,工业,家具制造业
603711,工业,饮料制造业
603712,工业,信息技术业
603713,公用事业,交通运输辅助业
603716,商业,批发和零售贸易
603717,房地产,土木工程建筑业
603718,工业,医药制造业
603719,商业,零售业
603721,公用事业,广播电影电视业
603722,工业,化学原料及化学制品制造业
603725,工业,石油、化学、塑胶、塑料
603726,工业,石油、化学、塑胶、塑料
603727,工业,采掘服务业
603728,工业,电器机械及器材制造业
603729,公用事业,其他社会服务业
603730,工业,交通运输设备制造业
603733,工业,造纸及纸制品业
603737,工业,化学原料及化学制品制造业
603738,工业,其他制造业
603739,工业,食品制造业
603755,工业,食品制造业
603757,工业,普通机械制造业
603758,工业,交通运输设备制造业
603766,工业,交通运输设备制造业
603767,工业,交通运输设备制造业
603768,工业,交通运输设备制造业
603773,工业,信息技术业
603776,公用事业,专业、科研服务业
603777,商业,零售业
603778,房地产,土木工程建筑业
603779,工业,饮料制造业
603786,工业,交通运输设备制造业
603787,工业,交通运输设备制造业
603788,工业,交通运输设备制造业
603789,工业,专用设备制造业
603790,工业,化学原料及化学制品制造业
603797,公用事业,其他社会服务业
603798,工业,石油加工及炼焦业
603799,工业,有色金属冶炼及压延加工业
603800,工业,专用设备制造业
603801,工业,家具制造业
603803,工业,信息技术业
603806,工业,石油、化学、塑胶、塑料
603808,工业,服装及其他纤维制品制造业
603809,工业,交通运输设备制造业
603810,工业,化学原料及化学制品制造业
603811,工业,医药制造业
603813,公用事业,公路运输业
603815,房地产,土木工程建筑业
603816,工业,家具制造业
603817,公用事业,自来水的生产和供应业
603818,工业,家具制造业
603819,工业,电器机械及器材制造业
603822,工业,化学原料及化学制品制造业
603823,工业,化学原料及化学制品制造业
603825,公用事业,计算机应用服务业
603826,工业,非金属矿物制品业
603828,综合,装修装饰业
603829,工业,电器机械及器材制造业
603833,工业,家具制造业
603838,工业,非金属矿物制品业
603839,工业,服装及其他纤维制品制造业
603843,房地产,土木工程建筑业
603848,工业,金属制品业
603855,工业,专用设备制造业
603856,工业,石油、化学、塑胶、塑料
603858,工业,医药制造业
603859,公用事业,专业、科研服务业
603860,公用事业,专业、科研服务业
603861,工业,电器机械及器材制造业
603863,工业,造纸及纸制品业
603866,工业,食品制造业
603867,工业,化学原料及化学制品制造业
603868,工业,电器机械及器材制造业
603869,公用事业,计算机应用服务业
603871,公用事业,交通运输辅助业
603876,工业,有色金属冶炼及压延加工业
603877,工业,服装及其他纤维制品制造业
603878,工业,黑色金属冶炼及压延加工业
603879,工业,化学原料及化学制品制造业
603880,工业,医药制造业
603881,公用事业,计算机应用服务业
603882,公用事业,卫生、保健、护理服务业
603883,商业,零售业
603885,公用事业,航空运输业
603886,工业,食品制造业
603887,公用事业,计算机应用服务业
603888,公用事业,计算机应用服务业
603889,工业,纺织业
603890,工业,信息技术业
603893,工业,信息技术业
603895,工业,专用设备制造业
603896,工业,医药制造业
603897,工业,电器机械及器材制造业
603898,工业,家具制造业
603899,工业,文教体育用品制造业
603900,商业,零售业
603901,工业,专用设备制造业
603903,公用事业,其他社会服务业
603906,工业,化学原料及化学制品制造业
603908,工业,服装及其他纤维制品制造业
603909,公用事业,专业、科研服务业
603912,工业,专用设备制造业
603915,工业,普通机械制造业
603916,工业,化学原料及化学制品制造业
603917,工业,专用设备制造业
603918,公用事业,计算机应用服务业
603919,工业,饮料制造业
603920,工业,信息技术业
603922,工业,交通运输设备制造业
603926,工业,交通运输设备制造业
603927,公用事业,计算机应用服务业
603928,工业,化学原料及化学制品制造业
603929,房地产,土木工程建筑业
603933,工业,信息技术业
603936,工业,信息技术业
603937,工业,金属制品业
603938,工业,化学原料及化学制品制造业
603939,商业,零售业
603948,工业,化学原料及化学制品制造业
603949,工业,交通运输设备制造业
603950,工业,交通运输设备制造业
603955,房地产,土木工程建筑业
603956,工业,专用设备制造业
603958,工业,皮革、毛皮、羽绒及制品制造业
603959,房地产,土木工程建筑业
603960,工业,专用设备制造业
603963,工业,医药制造业
603966,工业,普通机械制造业
603967,公用事业,交通运输辅助业
603968,工业,化学原料及化学制品制造业
603969,工业,金属制品业
603970,商业,批发和零售贸易
603976,工业,医药制造业
603977,工业,化学原料及化学制品制造业
603978,工业,有色金属冶炼及压延加工业
603979,工业,采掘服务业
603980,工业,化学原料及化学制品制造业
603982,工业,交通运输设备制造业
603983,工业,化学原料及化学制品制造业
603985,工业,金属制品业
603986,工业,信息技术业
603987,工业,专用设备制造业
603988,工业,电器机械及器材制造业
603989,工业,信息技术业
603990,公用事业,计算机应用服务业
603991,工业,石油、化学、塑胶、塑料
603992,工业,石油、化学、塑胶、塑料
603993,工业,有色金属矿采选业
603995,工业,黑色金属冶炼及压延加工业
603996,工业,信息技术业
603997,工业,交通运输设备制造业
603998,工业,医药制造业
603999,公用事业,出版业
605001,工业,交通运输设备制造业
605108,商业,餐饮业
605166,工业,化学原料及化学制品制造业
605168,公用事业,其他社会服务业
605199,工业,医药制造业
605288,工业,电器机械及器材制造业
688001,工业,专用设备制造业
688002,工业,信息技术业
688003,工业,专用设备制造业
688004,公用事业,计算机应用服务业
688005,工业,信息技术业
688006,工业,专用设备制造业
688007,工业,信息技术业
688008,工业,信息技术业
688009,工业,交通运输设备制造业
688010,工业,仪器仪表及文化、办公用机械制造业
688011,工业,信息技术业
688012,工业,专用设备制造业
688015,工业,交通运输设备制造业
688016,工业,专用设备制造业
688018,公用事业,计算机应用服务业
688019,工业,信息技术业
688020,工业,信息技术业
688021,工业,专用设备制造业
688022,工业,专用设备制造业
688023,公用事业,计算机应用服务业
688025,工业,信息技术业
688026,工业,石油、化学、塑胶、塑料
688027,工业,信息技术业
688028,工业,专用设备制造业
688029,工业,专用设备制造业
688030,公用事业,计算机应用服务业
688033,工业,交通运输设备制造业
688036,工业,信息技术业
688037,工业,专用设备制造业
688039,公用事业,计算机应用服务业
688051,公用事业,计算机应用服务业
688058,公用事业,计算机应用服务业
688060,公用事业,计算机应用服务业
688066,公用事业,计算机应用服务业
688068,工业,医药制造业
688069,公用事业,其他社会服务业
688077,工业,信息技术业
688078,公用事业,计算机应用服务业
688080,工业,信息技术业
688081,工业,信息技术业
688085,工业,专用设备制造业
688086,工业,信息技术业
688088,公用事业,计算机应用服务业
688089,工业,食品制造业
688090,工业,专用设备制造业
688096,工业,专用设备制造业
688098,工业,医药制造业
688099,公用事业,计算机应用服务业
688100,工业,信息技术业
688101,工业,专用设备制造业
688106,工业,化学原料及化学制品制造业
688108,工业,专用设备制造业
688111,公用事业,计算机应用服务业
688116,工业,化学原料及化学制品制造业
688118,公用事业,计算机应用服务业
688122,工业,有色金属冶炼及压延加工业
688123,工业,信息技术业
688126,工业,信息技术业
688128,工业,专用设备制造业
688138,工业,信息技术业
688139,工业,专用设备制造业
688157,工业,化学原料及化学制品制造业
688158,公用事业,计算机应用服务业
688159,工业,信息技术业
688165,工业,专用设备制造业
688166,工业,医药制造业
688168,公用事业,计算机应用服务业
688169,工业,电器机械及器材制造业
688177,工业,医药制造业
688178,公用事业,其他社会服务业
688180,工业,医药制造业
688181,工业,信息技术业
688186,工业,金属制品业
688188,公用事业,计算机应用服务业
688189,工业,医药制造业
688196,工业,有色金属矿采选业
688198,工业,专用设备制造业
688199,工业,化学原料及化学制品制造业
688200,工业,专用设备制造业
688202,公用事业,专业、科研服务业
688208,工业,信息技术业
688218,工业,专用设备制造业
688222,公用事业,专业、科研服务业
688228,公用事业,计算机应用服务业
688233,工业,非金属矿物制品业
688256,工业,信息技术业
688258,公用事业,计算机应用服务业
688266,工业,医药制造业
688268,工业,化学原料及化学制品制造业
688277,工业,专用设备制造业
688278,工业,医药制造业
688288,工业,信息技术业
688298,工业,医药制造业
688299,工业,石油、化学、塑胶、塑料
688300,工业,非金属矿物制品业
688309,工业,专用设备制造业
688310,工业,专用设备制造业
688312,工业,专用设备制造业
688318,公用事业,计算机应用服务业
688321,工业,医药制造业
688333,工业,普通机械制造业
688336,工业,医药制造业
688357,工业,化学原料及化学制品制造业
688358,工业,专用设备制造业
688360,工业,普通机械制造业
688363,工业,医药制造业
688365,公用事业,计算机应用服务业
688366,工业,医药制造业
688368,公用事业,计算机应用服务业
688369,公用事业,计算机应用服务业
688377,工业,专用设备制造业
688388,工业,信息技术业
688389,工业,专用设备制造业
688396,工业,信息技术业
688398,工业,非金属矿物制品业
688399,工业,医药制造业
688418,工业,信息技术业
688466,公用事业,其他社会服务业
688488,工业,医药制造业
688500,公用事业,计算机应用服务业
688505,工业,医药制造业
688508,公用事业,计算机应用服务业
688516,工业,专用设备制造业
688518,工业,专用设备制造业
688520,工业,医药制造业
688528,工业,仪器仪表及文化、办公用机械制造业
688555,公用事业,计算机应用服务业
688558,工业,普通机械制造业
688561,公用事业,计算机应用服务业
688566,工业,医药制造业
688567,工业,电器机械及器材制造业
688568,公用事业,计算机应用服务业
688579,公用事业,计算机应用服务业
688580,工业,专用设备制造业
688588,公用事业,计算机应用服务业
688589,工业,信息技术业
688598,工业,非金属矿物制品业
688599,工业,电器机械及器材制造业
688600,工业,仪器仪表及文化、办公用机械制造业
688981,工业,信息技术业
900901,公用事业,计算机应用服务业
900902,房地产,房地产业
900903,公用事业,公路运输业
900904,工业,医药制造业
900905,工业,其他制造业
900906,工业,化学原料及化学制品制造业
900907,工业,有色金属矿采选业
900908,工业,化学原料及化学制品制造业
900909,工业,化学原料及化学制品制造业
900910,工业,普通机械制造业
900911,房地产,房地产业
900912,商业,批发和零售贸易
900913,工业,煤气生产和供应业
900914,公用事业,公路运输业
900915,工业,交通运输设备制造业
900916,工业,交通运输设备制造业
900917,工业,医药制造业
900918,工业,非金属矿物制品业
900919,金融,证券、期货业
900920,工业,普通机械制造业
900921,工业,化学原料及化学制品制造业
900922,工业,纺织业
900923,商业,零售业
900924,工业,专用设备制造业
900925,工业,普通机械制造业
900926,公用事业,计算机应用服务业
900927,商业,批发和零售贸易
900928,房地产,房地产业
900929,公用事业,其他社会服务业
900930,工业,信息技术业
900931,工业,电器机械及器材制造业
900932,房地产,房地产业
900933,工业,非金属矿物制品业
900934,商业,旅馆业
900935,公用事业,自来水的生产和供应业
900936,工业,黑色金属冶炼及压延加工业
900937,工业,电力、蒸汽、热水的生产和供应业
900938,商业,批发和零售贸易
900939,综合,装修装饰业
900940,房地产,房地产业
900941,工业,信息技术业
900942,公用事业,公共设施服务业
900943,商业,零售业
900945,公用事业,航空运输业
900946,工业,交通运输设备制造业
900947,工业,专用设备制造业
900948,工业,煤炭采选业
900949,工业,电力、蒸汽、热水的生产和供应业
900950,房地产,房地产开发与经营业
900951,工业,化学原料及化学制品制造业
900952,公用事业,水上运输业
900953,工业,交通运输设备制造业
900955,房地产,房地产业
900956,工业,普通机械制造业
900957,房地产,房地产业
